note_id,description
1,"Fodder beet harvest date ranged from 29/10/1998 to 10/11/1998. It was harvested by hand because of problems finding a suitable harvester (Quinton and Catt, 2004)"
2,"All plots divided into two sub-plots in 1998 when fodder beet was grown. There are no sub-plots in the other years. Sub-plot 1 = down hill, sub-plot 2 = up hill. Assume these are different sample positions. "
3,"Sugar beet components of yield as measured at Broom's Barn Experimental Station, Dec 10th 1992"
4,"Percentage of harvested potato tubers that are 'ware', ie retained by a 3.81 cm (1.5 inch) riddle, large enough to be sold. "
5,"Fertilizer P shown as 118 kg P/ha in Quinton et al, 2001, Table 3, but this is probably the amount of P2O5. 740kg of compound fertilizer 0:16:36 applied. "
