{
  "resources": [
    {
      "path": "crop_data.csv",
      "name": "crop_data",
      "profile": "tabular-data-resource",
      "scheme": "file",
      "format": "csv",
      "hashing": "md5",
      "stats": {
        "hash": "825208f17818ce1fbba0a0b72367c2e0",
        "bytes": 72385,
        "fields": 31,
        "rows": 460
      },
      "encoding": "utf-8",
      "schema": {
        "fields": [
          {
            "name": "harvest_year",
            "type": "year",
            "format": "default",
            "bareNumber": true,
            "title": "Year in which crop harvested",
            "rdfType": "https://schema.org/Date",
            "description": "Year in which the crop was harvested. It will generally have been sown the previous year."
          },
          {
            "name": "crop",
            "type": "string",
            "format": "default",
            "title": "Crop type grown",
            "rdfType": "http://aims.fao.org/aos/agrovoc/c_1972",
            "description": "Name of crop grown in this harvest year"
          },
          {
            "name": "plot",
            "type": "string",
            "format": "default",
            "bareNumber": true,
            "title": "plot number",
            "rdfType": "http://purl.obolibrary.org/obo/STATO_0000447",
            "description": "Plot number since 1876, 1-10. Originally 5 plots (1-5) 1856-1875 divided into 10 in 1876. Plots 1 and 2 equivalent to old plot 5, plots 3 and 4 equivalent to old plot 4, etc."
          },
          {
            "name": "fertilizer_code",
            "type": "string",
            "format": "default",
            "title": "fertilizer and manure treatment code",
            "rdfType": "https://schema.org/name",
            "description": "Code describing the fertilizer or manure applied in that harvest year"
          },
          {
            "name": "fym_factor_level",
            "type": "string",
            "format": "default",
            "bareNumber": true,
            "title": "FYM factor level",
            "rdfType": "https://schema.org/name",
            "description": "Code for the FYM factor level applied in that harvest year"
          },
          {
            "name": "n_factor_level",
            "type": "string",
            "format": "default",
            "title": "N factor level",
            "rdfType": "https://schema.org/name",
            "description": "Code for the inorganic nitrogen fertilizer factor level applied in that harvest year"
          },
          {
            "name": "fertilizer_n_amount",
            "type": "number",
            "format": "default",
            "bareNumber": true,
            "decimalChar": ".",
            "groupChar": "",
            "title": "Inorganic fertilizer N amount",
            "rdfType": "http://purl.obolibrary.org/obo/AGRO_00010017",
            "description": "Total inorganic nitrogen fertilizer applied to this crop. This does not include N in FYM. No fertilizer N applied to fallow"
          },
          {
            "name": "p_factor_level",
            "type": "string",
            "format": "default",
            "title": "P factor level",
            "rdfType": "https://schema.org/name",
            "description": "Code for the phosphorous fertilizer factor level applied in that harvest year"
          },
          {
            "name": "fertilizer_p_amount",
            "type": "number",
            "format": "default",
            "bareNumber": true,
            "decimalChar": ".",
            "groupChar": "",
            "title": "Inorganic fertilizer P amount",
            "rdfType": "http://purl.obolibrary.org/obo/AGRO_00010017",
            "description": "Total inorganic P fertilizer applied to this crop. This does not include P in FYM."
          },
          {
            "name": "k_factor_level",
            "type": "string",
            "format": "default",
            "title": "K factor level",
            "rdfType": "https://schema.org/name",
            "description": "Code for the potassium fertilizer factor level applied in that harvest year"
          },
          {
            "name": "fertilizer_k_amount",
            "type": "number",
            "format": "default",
            "bareNumber": true,
            "decimalChar": ".",
            "groupChar": "",
            "title": "Inorganic fertilizer P amount",
            "rdfType": "http://purl.obolibrary.org/obo/AGRO_00010017",
            "description": "Total inorganic K fertilizer applied to this crop. This does not include K in FYM"
          },
          {
            "name": "na_factor_level",
            "type": "string",
            "format": "default",
            "title": "Na factor level",
            "rdfType": "https://schema.org/name",
            "description": "Code for the sodium fertilizer factor level applied in that harvest year"
          },
          {
            "name": "fertilizer_na_amount",
            "type": "number",
            "format": "default",
            "bareNumber": true,
            "decimalChar": ".",
            "groupChar": "",
            "title": "Inorganic fertilizer Na amount",
            "rdfType": "http://purl.obolibrary.org/obo/AGRO_00010017",
            "description": "Inorganic Na fertilizer applied to this crop as Na factor level. This does not include Na in FYM or as sodium nitrate"
          },
          {
            "name": "mg_factor_level",
            "type": "string",
            "format": "default",
            "title": "Mg factor level",
            "rdfType": "https://schema.org/name",
            "description": "Code for the magnesium fertilizer factor level applied in that harvest year"
          },
          {
            "name": "fertilizer_mg_amount",
            "type": "number",
            "format": "default",
            "bareNumber": true,
            "decimalChar": ".",
            "groupChar": "",
            "title": "Inorganic fertilizer Mg amount",
            "rdfType": "http://purl.obolibrary.org/obo/AGRO_00010017",
            "description": "Total inorganic Mg fertilizer applied to this crop. This does not include Mg in FYM"
          },
          {
            "name": "planting_date_start",
            "type": "date",
            "format": "default",
            "title": "Planting date start",
            "rdfType": "https://schema.org/Date",
            "description": "Starting date when the crop was planted (potatoes) or sown (wheat). Winter wheat generally sown in the autumn before harvest",
            "missingValues": [
              "*"
            ]
          },
          {
            "name": "planting_date_end",
            "type": "date",
            "format": "default",
            "title": "Planting date end",
            "rdfType": "https://schema.org/Date",
            "description": "Last date when the crop was planted (potatoes) or sown (wheat). Winter wheat generally sown in the autumn before harvest",
            "missingValues": [
              "*"
            ]
          },
          {
            "name": "harvest_date_start",
            "type": "date",
            "format": "default",
            "title": "Harvest date start",
            "rdfType": "https://schema.org/Date",
            "description": "Start date the crop was harvested. No harvest dates 1856-1875",
            "missingValues": [
              "*"
            ]
          },
          {
            "name": "harvest_date_end",
            "type": "date",
            "format": "default",
            "title": "Harvest date end",
            "rdfType": "https://schema.org/Date",
            "description": "Final date the crop was harvested",
            "missingValues": [
              "*"
            ]
          },
          {
            "name": "variety",
            "type": "string",
            "format": "default",
            "title": "variety",
            "rdfType": "http://aims.fao.org/aos/agrovoc/c_8157",
            "description": "Wheat or potato variety or cultivar. All the potato varieties are the white type of potato. The variety Rock was susceptible to late potato blight Phytophthora infestans, the variety Champion, planted from 1880, had high levels of resistance. See Ristaino and Fitt (2012).",
            "missingValues": [
              "*"
            ]
          },
          {
            "name": "tuber_%_nitrogen_content",
            "type": "number",
            "format": "default",
            "title": "tuber percentage nitrogen content",
            "rdfType": "http://aims.fao.org/aos/agrovoc/c_5193",
            "description": "Percentage nitrogen content of 'good' tubers at 100% dry matter. See column tuber_good_yield for yield of good tubers. 'Good' tubers are defined as being retained by a 28.6 mm sieve.",
            "missingValues": [
              "*"
            ]
          },
          {
            "name": "tuber_nitrogen_content",
            "type": "number",
            "format": "default",
            "title": "tuber nitrogen content",
            "rdfType": "http://aims.fao.org/aos/agrovoc/c_5193",
            "description": "Total nitrogen content of tubers, calculated from percentage N of 'good' tubers and total tuber yield.",
            "missingValues": [
              "*"
            ]
          },
          {
            "name": "tuber_good_yield",
            "type": "number",
            "format": "default",
            "title": "yield of good tubers",
            "rdfType": "http://aims.fao.org/aos/agrovoc/c_10176",
            "description": "Yield of good tubers, defined as being retained by a 28.6 mm sieve.",
            "missingValues": [
              "*"
            ]
          },
          {
            "name": "tuber_small_yield",
            "type": "number",
            "format": "default",
            "title": "yield of small tubers",
            "rdfType": "http://aims.fao.org/aos/agrovoc/c_10176",
            "description": "Yield of small tubers, defined as passing through a 28.6 mm sieve.",
            "missingValues": [
              "*"
            ]
          },
          {
            "name": "tuber_diseased_yield",
            "type": "number",
            "format": "default",
            "title": "yield of diseased tubers",
            "rdfType": "http://aims.fao.org/aos/agrovoc/c_10176",
            "description": "Yield of diseased tubers",
            "missingValues": [
              "*"
            ]
          },
          {
            "name": "tuber_total_fresh_weight_yield",
            "type": "number",
            "format": "default",
            "title": "total fresh weight yield of  tubers",
            "rdfType": "http://aims.fao.org/aos/agrovoc/c_10176",
            "description": "Total tuber yield, the sum of good, small and diseased tubers, fresh weight as harvested, at field dry matter content, see column tuber_%_dry_matter for details.",
            "missingValues": [
              "*"
            ]
          },
          {
            "name": "tuber_%_dry_matter",
            "type": "number",
            "format": "default",
            "title": "tuber percentage dry matter",
            "rdfType": "http://aims.fao.org/aos/agrovoc/c_2398",
            "description": "Percentage dry matter content of good tubers",
            "missingValues": [
              "*"
            ]
          },
          {
            "name": "tuber_total_ dry_matter_yield",
            "type": "number",
            "format": "default",
            "title": "total dry matter yield of tubers",
            "rdfType": "http://aims.fao.org/aos/agrovoc/c_10176",
            "description": "Total tuber yield, the sum of good, small and diseased, at 100 % dry matter, calculated from % dry matter of good tubers,  see column tuber_%_dry_matter for details."
          },
          {
            "name": "grain_yield",
            "type": "number",
            "format": "default",
            "title": "grain yield",
            "rdfType": "http://aims.fao.org/aos/agrovoc/c_10176",
            "description": "Harvested wheat grain yield at field moisture content (approximately 85% dry matter).",
            "missingValues": [
              "*"
            ]
          },
          {
            "name": "straw_yield",
            "type": "number",
            "format": "default",
            "title": "Straw yield",
            "rdfType": "http://aims.fao.org/aos/agrovoc/c_10176",
            "description": "Harvested wheat straw yield at field moisture content (approximately 85% dry matter). This does not include stubble. Potato tops not weighed, spread on each plot and ploughed in.",
            "missingValues": [
              "*"
            ]
          },
          {
            "name": "note_id",
            "type": "integer",
            "format": "default",
            "title": "Note identification",
            "rdfType": "http://purl.obolibrary.org/obo/FBcv_0000210",
            "description": "Note number"
          }
        ],
        "missingValues": [
          ""
        ],
        "foreignKeys": [
          {
            "fields": "crop",
            "reference": {
              "resource": "crop_types_data",
              "fields": "crop_name"
            }
          },
          {
            "fields": "fym_factor_level",
            "reference": {
              "resource": "fym_factor_data",
              "fields": "factor_level_name"
            }
          },
          {
            "fields": "n_factor_level",
            "reference": {
              "resource": "n_factor_data",
              "fields": "factor_level_name"
            }
          },
          {
            "fields": "p_factor_level",
            "reference": {
              "resource": "p_factor_data",
              "fields": "factor_level_name"
            }
          },
          {
            "fields": "k_factor_level",
            "reference": {
              "resource": "k_factor_data",
              "fields": "factor_level_name"
            }
          },
          {
            "fields": "na_factor_level",
            "reference": {
              "resource": "na_factor_data",
              "fields": "factor_level_name"
            }
          },
          {
            "fields": "mg_factor_level",
            "reference": {
              "resource": "mg_factor_data",
              "fields": "factor_level_name"
            }
          },
          {
            "fields": "note_id",
            "reference": {
              "resource": "notes_data",
              "fields": "note_id"
            }
          }
        ]
      },
      "innerpath": "",
      "compression": "",
      "control": {},
      "dialect": {
        "delimiter": ",",
        "lineTerminator": "\r\n",
        "quoteChar": "\"",
        "doubleQuote": true,
        "skipInitialSpace": false
      },
      "layout": {
        "header": true,
        "headerRows": [
          1
        ],
        "headerJoin": " ",
        "headerCase": true
      },
      "title": "crop yield data",
      "description": "The main data table containing annual wheat grain and potato tuber yield data for all plots, and details of all fertilizer and manure treatments, 1856-1901. Also other agronomic information, including sowing/planting and harvest dates, amount and type of fertilizer and manure, and wheat and potato cultivars. The experiment was started in 1856 with four fertilizer treatments. Winter wheat was grown 1856-1874, the whole experiment was fallowed in 1875. In 1876 the original five plots were divided into 10, and several new fertilizer treatments were added. Each plot tested a different fertilizer or manure treatment, applied every year.  Potatoes were grown 1876-1901, yields were recorded for 'good', 'small' and 'diseased' tubers. 'Good' tubers are defined as being retained by a 28.6mm sieve. Potato tuber % dry matter and N content are also shown. Wheat straw yields were recorded in some years, wheat straw was removed at harvest. Potato tops were left on the plots and ploughed in, no yields were recorded.  Wheat grain and straw yields are at field moisture content (approximately 85% dry matter). Potato tuber yields are at both fresh weight and 100% dry matter. Before the experiment was started, unfertilized wheat was grown 1850-1855 (yields not shown).  See notes and plan for further details. "
    },
    {
      "path": "crop_types_data.csv",
      "name": "crop_types_data",
      "profile": "tabular-data-resource",
      "scheme": "file",
      "format": "csv",
      "hashing": "md5",
      "stats": {
        "hash": "273f1aa3b0e75f1c8d84eb3a1ac90f64",
        "bytes": 229,
        "fields": 3,
        "rows": 3
      },
      "encoding": "utf-8",
      "schema": {
        "fields": [
          {
            "name": "crop_name",
            "type": "string",
            "format": "default",
            "title": "Crop name",
            "rdfType": "http://schema.org/name",
            "description": "English name of crop type"
          },
          {
            "name": "latin_name",
            "type": "string",
            "format": "default",
            "title": "Latin name",
            "rdfType": "http://schema.org/name",
            "description": "Latin botanical name of crop type"
          },
          {
            "name": "crop_name_rdftype",
            "type": "string",
            "format": "uri",
            "title": "Crop name rdfType",
            "rdfType": "https://schema.org/identifier",
            "description": "A controlled vocabulary URI for the treatment factor level form"
          }
        ],
        "missingValues": [
          ""
        ],
        "primaryKey": "crop_name"
      },
      "innerpath": "",
      "compression": "",
      "control": {},
      "dialect": {
        "delimiter": ",",
        "lineTerminator": "\r\n",
        "quoteChar": "\"",
        "doubleQuote": true,
        "skipInitialSpace": false
      },
      "layout": {
        "header": true,
        "headerRows": [
          1
        ],
        "headerJoin": " ",
        "headerCase": true
      },
      "title": "Crop types",
      "description": "List of crops grown with Latin names and AGROVOC concepts."
    },
    {
      "path": "fym_factor_data.csv",
      "name": "fym_factor_data",
      "profile": "tabular-data-resource",
      "scheme": "file",
      "format": "csv",
      "hashing": "md5",
      "stats": {
        "hash": "f249b9ec608a9147b22ec598e4a41c19",
        "bytes": 420,
        "fields": 10,
        "rows": 2
      },
      "encoding": "utf-8",
      "schema": {
        "fields": [
          {
            "name": "description",
            "type": "string",
            "format": "default",
            "title": "Description",
            "rdfType": "https://schema.org/description",
            "description": "A description of the factor level"
          },
          {
            "name": "factor_level_name",
            "type": "string",
            "format": "default",
            "title": "Factor level name",
            "rdfType": "http://purl.obolibrary.org/obo/STATO_0000265",
            "description": "The name for a factor level"
          },
          {
            "name": "years",
            "type": "string",
            "format": "default",
            "title": "Years",
            "description": "The year range for when the factor level was used"
          },
          {
            "name": "treatment_factor",
            "type": "string",
            "format": "default",
            "title": "Treatment factor",
            "rdfType": "http://purl.obolibrary.org/obo/NCIT_C164385",
            "description": "The label for the treatment factor"
          },
          {
            "name": "treatment_factor_rdfType",
            "type": "string",
            "format": "uri",
            "title": "Treatment factor rdfType",
            "rdfType": "https://schema.org/identifier",
            "description": "A controlled vocabulary URI for the treatment factor"
          },
          {
            "name": "amount",
            "type": "number",
            "format": "default",
            "bareNumber": true,
            "title": "Amount",
            "rdfType": "https://schema.org/QuantitativeValue",
            "description": "Amount of FYM applied"
          },
          {
            "name": "amount_unit",
            "type": "string",
            "format": "default",
            "title": "Amount unit",
            "rdfType": "https://schema.org/unitText",
            "description": "Units in which FYM was applied each year"
          },
          {
            "name": "frequency",
            "type": "string",
            "format": "default",
            "title": "Frequency",
            "rdfType": "https://schema.org/repeatFrequency",
            "description": "The frequency at which the factor level treatment was applied"
          },
          {
            "name": "treatment_form",
            "type": "string",
            "format": "default",
            "title": "Treatment form",
            "rdfType": "http://purl.obolibrary.org/obo/CHEBI_33287",
            "description": "The form in which the factor level treatment was applied"
          },
          {
            "name": "treatment_form_rdfType",
            "type": "string",
            "format": "uri",
            "title": "Treatment form rdfType",
            "rdfType": "https://schema.org/identifier",
            "description": "A controlled vocabulary URI for the treatment factor level form"
          }
        ],
        "missingValues": [
          ""
        ],
        "primaryKey": "factor_level_name"
      },
      "innerpath": "",
      "compression": "",
      "control": {},
      "dialect": {
        "delimiter": ",",
        "lineTerminator": "\r\n",
        "quoteChar": "\"",
        "doubleQuote": true,
        "skipInitialSpace": false
      },
      "layout": {
        "header": true,
        "headerRows": [
          1
        ],
        "headerJoin": " ",
        "headerCase": true
      },
      "title": "FYM treatment factor level description",
      "description": "Describes the FYM (farmyard manure) treatment factor levels used"
    },
    {
      "path": "k_factor_data.csv",
      "name": "k_factor_data",
      "profile": "tabular-data-resource",
      "scheme": "file",
      "format": "csv",
      "hashing": "md5",
      "stats": {
        "hash": "3ee216aafc5a34ec408512dec2053e30",
        "bytes": 499,
        "fields": 10,
        "rows": 2
      },
      "encoding": "utf-8",
      "schema": {
        "fields": [
          {
            "name": "description",
            "type": "string",
            "format": "default",
            "title": "Description",
            "rdfType": "https://schema.org/description",
            "description": "A description of the factor level"
          },
          {
            "name": "factor_level_name",
            "type": "string",
            "format": "default",
            "title": "Factor level name",
            "rdfType": "http://purl.obolibrary.org/obo/STATO_0000265",
            "description": "The name for a factor level"
          },
          {
            "name": "years",
            "type": "string",
            "format": "default",
            "title": "Years",
            "description": "The year range for when the factor level was used"
          },
          {
            "name": "treatment_factor",
            "type": "string",
            "format": "default",
            "title": "Treatment factor",
            "rdfType": "http://purl.obolibrary.org/obo/NCIT_C164385",
            "description": "The label for the treatment factor"
          },
          {
            "name": "treatment_factor_rdfType",
            "type": "string",
            "format": "uri",
            "title": "Treatment factor rdfType",
            "rdfType": "https://schema.org/identifier",
            "description": "A controlled vocabulary URI for the treatment factor"
          },
          {
            "name": "amount",
            "type": "number",
            "format": "default",
            "bareNumber": true,
            "title": "Amount",
            "rdfType": "https://schema.org/QuantitativeValue",
            "description": "Total inorganic potassium (K) fertilizer which was applied to this crop as a treatment factor. This does not include K in FYM or rape cake."
          },
          {
            "name": "amount_unit",
            "type": "string",
            "format": "default",
            "title": "Amount unit",
            "rdfType": "https://schema.org/unitText",
            "description": "Units in which the K was applied each year"
          },
          {
            "name": "frequency",
            "type": "string",
            "format": "default",
            "title": "Frequency",
            "rdfType": "https://schema.org/repeatFrequency",
            "description": "The frequency at which the factor level treatment was applied"
          },
          {
            "name": "treatment_form",
            "type": "string",
            "format": "default",
            "title": "Treatment form",
            "rdfType": "http://purl.obolibrary.org/obo/CHEBI_33287",
            "description": "The form of inorganic K fertilizer applied"
          },
          {
            "name": "treatment_form_rdfType",
            "type": "string",
            "format": "uri",
            "title": "Treatment form rdfType",
            "rdfType": "https://schema.org/identifier",
            "description": "A controlled vocabulary URI for the treatment factor level form"
          }
        ],
        "missingValues": [
          ""
        ],
        "primaryKey": "factor_level_name"
      },
      "innerpath": "",
      "compression": "",
      "control": {},
      "dialect": {
        "delimiter": ",",
        "lineTerminator": "\r\n",
        "quoteChar": "\"",
        "doubleQuote": true,
        "skipInitialSpace": false
      },
      "layout": {
        "header": true,
        "headerRows": [
          1
        ],
        "headerJoin": " ",
        "headerCase": true
      },
      "title": "K fertilizer treatment factor level descriptions",
      "description": "Describes the K (potassium) fertilizer  treatment factor levels used"
    },
    {
      "path": "mg_factor_data.csv",
      "name": "mg_factor_data",
      "profile": "tabular-data-resource",
      "scheme": "file",
      "format": "csv",
      "hashing": "md5",
      "stats": {
        "hash": "ae2b28db762f2c3cc88a82dd78a2c71b",
        "bytes": 462,
        "fields": 10,
        "rows": 2
      },
      "encoding": "utf-8",
      "schema": {
        "fields": [
          {
            "name": "description",
            "type": "string",
            "format": "default",
            "title": "Description",
            "rdfType": "https://schema.org/description",
            "description": "A description of the factor level"
          },
          {
            "name": "factor_level_name",
            "type": "string",
            "format": "default",
            "title": "Factor level name",
            "rdfType": "http://purl.obolibrary.org/obo/STATO_0000265",
            "description": "The name for a factor level"
          },
          {
            "name": "years",
            "type": "string",
            "format": "default",
            "title": "Years",
            "description": "The year range for when the factor level was used"
          },
          {
            "name": "treatment_factor",
            "type": "string",
            "format": "default",
            "title": "Treatment factor",
            "rdfType": "http://purl.obolibrary.org/obo/NCIT_C164385",
            "description": "The label for the treatment factor"
          },
          {
            "name": "treatment_factor_rdfType",
            "type": "string",
            "format": "uri",
            "title": "Treatment factor rdfType",
            "rdfType": "https://schema.org/identifier",
            "description": "A controlled vocabulary URI for the treatment factor"
          },
          {
            "name": "amount",
            "type": "number",
            "format": "default",
            "bareNumber": true,
            "title": "Amount",
            "rdfType": "https://schema.org/QuantitativeValue",
            "description": "Total inorganic magnesium (Mg) fertilizer which was applied to this crop as a treatment factor. This does not include Mg in FYM or rape cake."
          },
          {
            "name": "amount_unit",
            "type": "string",
            "format": "default",
            "title": "Amount unit",
            "rdfType": "https://schema.org/unitText",
            "description": "Units in which the Mg was applied each year"
          },
          {
            "name": "frequency",
            "type": "string",
            "format": "default",
            "title": "Frequency",
            "rdfType": "https://schema.org/repeatFrequency",
            "description": "The frequency at which the factor level treatment was applied"
          },
          {
            "name": "treatment_form",
            "type": "string",
            "format": "default",
            "title": "Treatment form",
            "rdfType": "http://purl.obolibrary.org/obo/CHEBI_33287",
            "description": "The form of inorganic magnesium fertilizer applied"
          },
          {
            "name": "treatment_form_rdfType",
            "type": "string",
            "format": "uri",
            "title": "Treatment form rdfType",
            "rdfType": "https://schema.org/identifier",
            "description": "A controlled vocabulary URI for the treatment factor level form"
          }
        ],
        "missingValues": [
          ""
        ],
        "primaryKey": "factor_level_name"
      },
      "innerpath": "",
      "compression": "",
      "control": {},
      "dialect": {
        "delimiter": ",",
        "lineTerminator": "\r\n",
        "quoteChar": "\"",
        "doubleQuote": true,
        "skipInitialSpace": false
      },
      "layout": {
        "header": true,
        "headerRows": [
          1
        ],
        "headerJoin": " ",
        "headerCase": true
      },
      "title": "Mg fertilizer treatment factor level descriptions",
      "description": "Describes the Mg (magnesium) fertilizer  treatment factor levels used"
    },
    {
      "path": "n_factor_data.csv",
      "name": "n_factor_data",
      "profile": "tabular-data-resource",
      "scheme": "file",
      "format": "csv",
      "hashing": "md5",
      "stats": {
        "hash": "e175a3958ad4cde31ca93d2ac33bbbe2",
        "bytes": 838,
        "fields": 10,
        "rows": 3
      },
      "encoding": "utf-8",
      "schema": {
        "fields": [
          {
            "name": "description",
            "type": "string",
            "format": "default",
            "title": "Description",
            "rdfType": "https://schema.org/description",
            "description": "A description of the factor level"
          },
          {
            "name": "factor_level_name",
            "type": "string",
            "format": "default",
            "title": "Factor level name",
            "rdfType": "http://purl.obolibrary.org/obo/STATO_0000265",
            "description": "The name for a factor level"
          },
          {
            "name": "years",
            "type": "string",
            "format": "default",
            "title": "Years",
            "description": "The year range for when the factor level was used"
          },
          {
            "name": "treatment_factor",
            "type": "string",
            "format": "default",
            "title": "Treatment factor",
            "rdfType": "http://purl.obolibrary.org/obo/NCIT_C164385",
            "description": "The label for the treatment factor"
          },
          {
            "name": "treatment_factor_rdfType",
            "type": "string",
            "format": "uri",
            "title": "Treatment factor rdfType",
            "rdfType": "https://schema.org/identifier",
            "description": "A controlled vocabulary URI for the treatment factor"
          },
          {
            "name": "amount",
            "type": "number",
            "format": "default",
            "bareNumber": true,
            "title": "Amount",
            "rdfType": "https://schema.org/QuantitativeValue",
            "description": "Total inorganic nitrogen (N) fertilizer which was applied to this crop as a treatment factor. This does not include N in FYM or rape cake. Note at different periods of the experiment N was variously applied in autumn or spring and applied in a single application or split applications. Timings and amounts of N applied are indicated in the crop_data table in the fields autumn_n_kg, autumn_n_date, spring1_n_kg, spring1_n_date, spring2_n_kg and spring2_n_date"
          },
          {
            "name": "amount_unit",
            "type": "string",
            "format": "default",
            "title": "Amount unit",
            "rdfType": "https://schema.org/unitText",
            "description": "Units in which the N was applied each year"
          },
          {
            "name": "frequency",
            "type": "string",
            "format": "default",
            "title": "Frequency",
            "rdfType": "https://schema.org/repeatFrequency",
            "description": "The frequency at which the factor level treatment was applied"
          },
          {
            "name": "treatment_form",
            "type": "string",
            "format": "default",
            "title": "Treatment form",
            "rdfType": "http://purl.obolibrary.org/obo/CHEBI_33287",
            "description": "The form of inorganic N fertilizer applied; either ammonium sulfate or sodium nitrate"
          },
          {
            "name": "treatment_form_rdfType",
            "type": "string",
            "format": "uri",
            "title": "Treatment form rdfType",
            "rdfType": "https://schema.org/identifier",
            "description": "A controlled vocabulary URI for the treatment factor level form"
          }
        ],
        "missingValues": [
          ""
        ],
        "primaryKey": "factor_level_name"
      },
      "innerpath": "",
      "compression": "",
      "control": {},
      "dialect": {
        "delimiter": ",",
        "lineTerminator": "\r\n",
        "quoteChar": "\"",
        "doubleQuote": true,
        "skipInitialSpace": false
      },
      "layout": {
        "header": true,
        "headerRows": [
          1
        ],
        "headerJoin": " ",
        "headerCase": true
      },
      "title": "N fertilizer treatment factor level descriptions",
      "description": "Describes the N (nitrogen) fertilizer  treatment factor levels used"
    },
    {
      "path": "na_factor_data.csv",
      "name": "na_factor_data",
      "profile": "tabular-data-resource",
      "scheme": "file",
      "format": "csv",
      "hashing": "md5",
      "stats": {
        "hash": "55cd6f7ca862bee9ba98a9976df290c0",
        "bytes": 405,
        "fields": 10,
        "rows": 2
      },
      "encoding": "utf-8",
      "schema": {
        "fields": [
          {
            "name": "description",
            "type": "string",
            "format": "default",
            "title": "Description",
            "rdfType": "https://schema.org/description",
            "description": "A description of the factor level"
          },
          {
            "name": "factor_level_name",
            "type": "string",
            "format": "default",
            "title": "Factor level name",
            "rdfType": "http://purl.obolibrary.org/obo/STATO_0000265",
            "description": "The name for a factor level"
          },
          {
            "name": "years",
            "type": "string",
            "format": "default",
            "title": "Years",
            "description": "The year range for when the factor level was used"
          },
          {
            "name": "treatment_factor",
            "type": "string",
            "format": "default",
            "title": "Treatment factor",
            "rdfType": "http://purl.obolibrary.org/obo/NCIT_C164385",
            "description": "The label for the treatment factor"
          },
          {
            "name": "treatment_factor_rdfType",
            "type": "string",
            "format": "uri",
            "title": "Treatment factor rdfType",
            "rdfType": "https://schema.org/identifier",
            "description": "A controlled vocabulary URI for the treatment factor"
          },
          {
            "name": "amount",
            "type": "number",
            "format": "default",
            "bareNumber": true,
            "title": "Amount",
            "rdfType": "https://schema.org/QuantitativeValue",
            "description": "Total inorganic sodium (Na) fertilizer which was applied to this crop as a treatment factor. This does not include Na in FYM, rape cake or sodium nitrate."
          },
          {
            "name": "amount_unit",
            "type": "string",
            "format": "default",
            "title": "Amount unit",
            "rdfType": "https://schema.org/unitText",
            "description": "Units in which the Na was applied each year"
          },
          {
            "name": "frequency",
            "type": "string",
            "format": "default",
            "title": "Frequency",
            "rdfType": "https://schema.org/repeatFrequency",
            "description": "The frequency at which the factor level treatment was applied"
          },
          {
            "name": "treatment_form",
            "type": "string",
            "format": "default",
            "title": "Treatment form",
            "rdfType": "http://purl.obolibrary.org/obo/CHEBI_33287",
            "description": "The form of inorganic Na fertilizer applied"
          },
          {
            "name": "treatment_form_rdfType",
            "type": "string",
            "format": "uri",
            "title": "Treatment form rdfType",
            "rdfType": "https://schema.org/identifier",
            "description": "A controlled vocabulary URI for the treatment factor level form"
          }
        ],
        "missingValues": [
          ""
        ],
        "primaryKey": "factor_level_name"
      },
      "innerpath": "",
      "compression": "",
      "control": {},
      "dialect": {
        "delimiter": ",",
        "lineTerminator": "\r\n",
        "quoteChar": "\"",
        "doubleQuote": true,
        "skipInitialSpace": false
      },
      "layout": {
        "header": true,
        "headerRows": [
          1
        ],
        "headerJoin": " ",
        "headerCase": true
      },
      "title": "Na fertilizer treatment factor level descriptions",
      "description": "Describes the Na (sodium) fertilizer  treatment factor levels used"
    },
    {
      "path": "notes_data.csv",
      "name": "notes_data",
      "profile": "tabular-data-resource",
      "scheme": "file",
      "format": "csv",
      "hashing": "md5",
      "stats": {
        "hash": "ee672e3cd043692c888b345cb9ccce22",
        "bytes": 474,
        "fields": 2,
        "rows": 7
      },
      "encoding": "utf-8",
      "schema": {
        "fields": [
          {
            "name": "note_id",
            "type": "string",
            "format": "default",
            "bareNumber": true,
            "title": "Note identification",
            "description": "Note number"
          },
          {
            "name": "description",
            "type": "string",
            "format": "default",
            "title": "Description",
            "rdfType": "http://schema.org/description",
            "description": "Additional explanatory notes for records in the crop_data table"
          }
        ],
        "missingValues": [
          ""
        ],
        "primaryKey": "note_id"
      },
      "innerpath": "",
      "compression": "",
      "control": {},
      "dialect": {
        "delimiter": ",",
        "lineTerminator": "\r\n",
        "quoteChar": "\"",
        "doubleQuote": true,
        "skipInitialSpace": false
      },
      "layout": {
        "header": true,
        "headerRows": [
          1
        ],
        "headerJoin": " ",
        "headerCase": true
      },
      "title": "Notes",
      "description": "Additional explanatory notes for records in the crop_data table"
    },
    {
      "path": "p_factor_data.csv",
      "name": "p_factor_data",
      "profile": "tabular-data-resource",
      "scheme": "file",
      "format": "csv",
      "hashing": "md5",
      "stats": {
        "hash": "e8fbb75e4a5abae39c0b523159f4a642",
        "bytes": 523,
        "fields": 10,
        "rows": 2
      },
      "encoding": "iso8859-1",
      "schema": {
        "fields": [
          {
            "name": "description",
            "type": "string",
            "format": "default",
            "title": "Description",
            "rdfType": "https://schema.org/description",
            "description": "A description of the factor level"
          },
          {
            "name": "factor_level_name",
            "type": "string",
            "format": "default",
            "title": "Factor level name",
            "rdfType": "http://purl.obolibrary.org/obo/STATO_0000265",
            "description": "The name for a factor level"
          },
          {
            "name": "years",
            "type": "string",
            "format": "default",
            "title": "Years",
            "description": "The year range for when the factor level was used"
          },
          {
            "name": "treatment_factor",
            "type": "string",
            "format": "default",
            "title": "Treatment factor",
            "rdfType": "http://purl.obolibrary.org/obo/NCIT_C164385",
            "description": "The label for the treatment factor"
          },
          {
            "name": "treatment_factor_rdfType",
            "type": "string",
            "format": "uri",
            "title": "Treatment factor rdfType",
            "rdfType": "https://schema.org/identifier",
            "description": "A controlled vocabulary URI for the treatment factor"
          },
          {
            "name": "amount",
            "type": "number",
            "format": "default",
            "bareNumber": true,
            "title": "Amount",
            "rdfType": "https://schema.org/QuantitativeValue",
            "description": "Total inorganic phosphorus (P) fertilizer which was applied to this crop as a treatment factor. This does not include P in FYM or rape cake."
          },
          {
            "name": "amount_unit",
            "type": "string",
            "format": "default",
            "title": "Amount unit",
            "rdfType": "https://schema.org/unitText",
            "description": "Units in which the P fertilizer was applied each year"
          },
          {
            "name": "frequency",
            "type": "string",
            "format": "default",
            "title": "Frequency",
            "rdfType": "https://schema.org/repeatFrequency",
            "description": "The frequency at which the factor level treatment was applied"
          },
          {
            "name": "treatment_form",
            "type": "string",
            "format": "default",
            "title": "Treatment form",
            "rdfType": "http://purl.obolibrary.org/obo/CHEBI_33287",
            "description": "The form of inorganic P fertilizer applied"
          },
          {
            "name": "treatment_form_rdfType",
            "type": "string",
            "format": "uri",
            "title": "Treatment form rdfType",
            "rdfType": "https://schema.org/identifier",
            "description": "A controlled vocabulary URI for the treatment factor level form"
          }
        ],
        "missingValues": [
          ""
        ],
        "primaryKey": "factor_level_name"
      },
      "innerpath": "",
      "compression": "",
      "control": {},
      "dialect": {
        "delimiter": ",",
        "lineTerminator": "\r\n",
        "quoteChar": "\"",
        "doubleQuote": true,
        "skipInitialSpace": false
      },
      "layout": {
        "header": true,
        "headerRows": [
          1
        ],
        "headerJoin": " ",
        "headerCase": true
      },
      "title": "P fertilizer treatment factor level descriptions",
      "description": "Describes the P (phosphorus) fertilizer  treatment factor levels used"
    }
  ],
  "profile": "tabular-data-package",
  "id": "10.23637/REX4-YLD5601-01",
  "name": "exhaustion-land-experiment-annual-crop-yields-1856-1901",
  "title": "Exhaustion Land Experiment annual crop yields 1856-1901",
  "version": "1.0.0",
  "keywords": [
    "Rothamsted Research",
    "crop yield",
    "soil fertility",
    "long term experiments",
    "wheat",
    "potatoes",
    "Exhaustion land long-term experiment"
  ],
  "description": "### Abstract\nThis dataset contains crop yield data from Phase 1 of the Exhaustion Land long-term experiment, 1856-1901. Details of the fertilizer and manure treatments, sowing and harvest dates are also included. Winter wheat was grown each year from 1856-1874. The experiment was fallowed in 1875, then potatoes were grown each year from 1876-1901. Potato tuber % dry matter and % N content are also included.\n### Methods\nThe experiment was established in 1856, with four fertilizer and manure treatments, including two nil plots. In 1876 the five plots were divided into 10, and some new fertilizer and manure treatments added. Potatoes were grown each year from 1876-1901. The whole experiment was fallowed (no crop grown) in 1872 and 1875. Yields are given for every year based on the 10 plots present from 1876, thus for 1856-1874 yields from plots 1 and 2 are the same, yields for plots 3 and 4  are the same, etc.\n### Technical Info\nCrop yields were recorded every year. Wheat grain and straw yields are at field moisture content, approximately 85% dry matter. Potato tuber yields are shown for three categories of tuber: 'good', 'small' and 'diseased'. 'Good' is defined as being retained by a 28.6mm sieve; 'small' pass through this sieve.  Tuber total yield is for 'good' plus 'small' plus 'diseased' tubes. Tuber yield at 100% dry matter was calculated from 'good' tuber % dry matter at harvest and total tuber yield. Tuber N content was calculated from %N content of the 'good' tubers and total tuber yield. The potato tops were not weighed but left on the plots  and ploughed in. Wheat straw yields do not include the stubble.  Before the experiment started, unfertilized wheat was grown 1850-1855.\n### Provenance\nAnnual yields were transcribed from original data sheets held in the Rothamsted paper archive and from the 'Memoranda of the Field and Other Experiments', 1901. Details of treatments were taken from the 'Memoranda of the Field and Other Experiments' 1901, and other publications.\n### Quality\nIn accordance with the Joint Code of Practice for Research at Rothamsted, data processing in e-RA follow rigorous standard operating procedures to ensure the quality and correctness of data collected in the field through to depositing in the e-RA database. To ensure quality control during data inputting, the data sets were typed on two separate occasions (double data entry). During the second typing (verification) the data values were compared with those typed on the earlier occasion, and any discrepancies were resolved before verification continued.  This procedure avoided visual checking of data, which can be very inaccurate.\n",
  "contributors": [
    {
      "title": "June Kimori",
      "organization": "University of Reading"
    },
    {
      "title": "Daniel Philcox",
      "organization": "University of Reading"
    },
    {
      "title": "Margaret Glendining",
      "path": "https://orcid.org/0000-0002-6466-4629",
      "organization": "Computational and Analytical Sciences, Rothamsted Research"
    },
    {
      "title": "Nathalie Castells-Brooke",
      "path": "https://orcid.org/0000-0003-0168-6254",
      "organization": "Computational and Analytical Sciences, Rothamsted Research"
    },
    {
      "title": "Andy Gregory",
      "path": "https://orcid.org/0000-0001-7123-0784",
      "organization": "Sustainable Agricultural Sciences, Rothamsted Research"
    },
    {
      "title": "Richard Ostler",
      "path": "https://orcid.org/0000-0002-1434-9495",
      "organization": "Computational and Analytical Sciences, Rothamsted Research"
    },
    {
      "title": "Simon Willcock",
      "path": "https://orcid.org/0000-0001-9534-9114",
      "organization": "Rothamsted Research"
    }
  ],
  "licenses": [
    {
      "name": "CC-BY-4.0",
      "path": "https://creativecommons.org/licenses/by/4.0/",
      "title": "Creative Commons Attribution 4.0 International"
    }
  ]
}