description,factor_level_name,years,treatment_factor,treatment_factor_rdfType,amount,amount unit,frequency,treatment_form,treatment_form_rdfType
Factor level shows annual nitrogen fertilizer treatment,nil,1926-1967,nitrogen fertilizer exposure,,0,,,,
Factor level shows annual nitrogen fertilizer treatment. Not applied in fallow years,N1,1926-1967,nitrogen fertilizer exposure,http://purl.obolibrary.org/obo/PECO_0007102 ,48,kg N ha-1,annual except in fallow years,ammonium sulfate,http://aims.fao.org/aos/agrovoc/c_37197
Factor level shows annual nitrogen fertilizer treatment. Not applied in fallow years,N2,1926-1967,nitrogen fertilizer exposure,http://purl.obolibrary.org/obo/PECO_0007102 ,96,kg N ha-1,annual except in fallow years,ammonium sulfate,http://aims.fao.org/aos/agrovoc/c_37197
Factor level shows annual nitrogen fertilizer treatment. Not applied in fallow years,N3,1926-1967,nitrogen fertilizer exposure,http://purl.obolibrary.org/obo/PECO_0007102 ,144,kg N ha-1,annual except in fallow years,ammonium sulfate,http://aims.fao.org/aos/agrovoc/c_37197
Factor level shows annual nitrogen fertilizer treatment. Not applied in fallow years,N1*,1926-1967,nitrogen fertilizer exposure,http://purl.obolibrary.org/obo/PECO_0007102 ,48,kg N ha-1,annual except in fallow years,sodium nitrate,http://aims.fao.org/aos/agrovoc/c_37469
Factor level shows annual nitrogen fertilizer treatment. Not applied in fallow years,N2*,1926-1967,nitrogen fertilizer exposure,http://purl.obolibrary.org/obo/PECO_0007102 ,96,kg N ha-1,annual except in fallow years,sodium nitrate,http://aims.fao.org/aos/agrovoc/c_37469
