description,factor_level_name,years,treatment_factor,treatment_factor_rdfType,amount,amount unit,frequency,treatment_form,treatment_form_rdfType
Factor level shows annual nitrogen fertilizer treatment,nil,1968-2022,nitrogen fertilizer exposure,,0,,,,
Factor level shows annual nitrogen fertilizer treatment. Not applied in fallow years or to beans 2018 onwards. ,N1,1968-2022,nitrogen fertilizer exposure,http://purl.obolibrary.org/obo/PECO_0007102 ,48,kg N ha-1,annual except in fallow years,"ammonium nitrate since 1986, as calcium ammonium nitrate 1968-1985",http://aims.fao.org/aos/agrovoc/c_352
Factor level shows annual nitrogen fertilizer treatment. Not applied in fallow years or to beans 2018 onwards. ,N2,1968-2022,nitrogen fertilizer exposure,http://purl.obolibrary.org/obo/PECO_0007102 ,96,kg N ha-1,annual except in fallow years,"ammonium nitrate since 1986, as calcium ammonium nitrate 1968-1985",http://aims.fao.org/aos/agrovoc/c_352
Factor level shows annual nitrogen fertilizer treatment. Not applied in fallow years or to beans 2018 onwards. ,N3,1968-2022,nitrogen fertilizer exposure,http://purl.obolibrary.org/obo/PECO_0007102 ,144,kg N ha-1,annual except in fallow years,"ammonium nitrate since 1986, as calcium ammonium nitrate 1968-1985",http://aims.fao.org/aos/agrovoc/c_352
Factor level shows annual nitrogen fertilizer treatment. Not applied in fallow years or to beans 2018 onwards. ,N4,1968-2022,nitrogen fertilizer exposure,http://purl.obolibrary.org/obo/PECO_0007102 ,192,kg N ha-1,annual except in fallow years,"ammonium nitrate since 1986, as calcium ammonium nitrate 1968-1985",http://aims.fao.org/aos/agrovoc/c_352
