harvest_year,plot,fertilizer_code,fym_factor_level,fym_date,n_factor_level,spring1_n_kg,spring1_n_date,spring2_n_kg,spring2_n_date,spring3_n_kg,spring3_n_date,total_fertilizer_n_amount,p_factor_level,p_date,k_factor_level,k_date,mg_factor_level,mg_date,sow_date,harvest_date,cultivar,area_ha,grain_yield,straw_yield,grain_%_n,straw_%_n,grain_kgN,straw_kgN,note
2001,2.1,FYM N2,FYM,2000-10-04,N2,96.000,2001-05-04,*,*,*,*,96,nil,*,nil,*,nil,*,2001-01-16,2001-08-23,Hereward,0.007,4.580,3.630,2.055,0.446,80.001,13.761,*
2002,2.1,FYM N2,FYM,2001-09-12,N2,96.000,2002-04-24,*,*,*,*,96,nil,*,nil,*,nil,*,2001-09-28,2002-08-14,Hereward,0.006,7.670,3.540,1.790,0.390,116.699,11.735,*
2003,2.1,FYM N2,FYM,2002-10-02,N2,96.000,2003-04-15,*,*,*,*,96,nil,*,nil,*,nil,*,2002-10-04,2003-08-05,Hereward,0.004,7.400,4.330,1.980,0.340,124.542,12.514,4
2004,2.1,FYM N2,FYM,2003-09-25,N2,96.000,2004-05-07,*,*,*,*,96,nil,*,nil,*,nil,*,2003-09-30,2004-09-02,Hereward,0.004,6.090,2.620,1.880,0.480,97.318,10.690,4
2005,2.1,FYM N3,FYM,2004-10-18,N3,144.000,2005-04-14,*,*,*,*,144,nil,*,nil,*,nil,*,2004-11-05,2005-08-10,Hereward,0.006,7.510,4.160,2.140,0.390,136.607,13.790,*
2006,2.1,FYM N3,FYM,2005-09-28,N3,144.000,2006-04-20,*,*,*,*,144,nil,*,nil,*,nil,*,2005-10-11,2006-08-23,Hereward,0.006,7.850,6.240,2.340,0.530,156.136,28.111,*
2007,2.1,FYM N3,FYM,2006-10-04,N3,144.000,2007-04-24,*,*,*,*,144,nil,*,nil,*,nil,*,2006-11-01,2007-08-26,Hereward,0.006,6.210,2.210,2.230,0.650,117.711,12.210,*
2008,2.1,FYM N3,FYM,2007-10-10,N3,144.000,2008-04-17,*,*,*,*,144,nil,*,nil,*,nil,*,2007-10-15,2008-08-26,Hereward,0.006,7.500,4.120,2.063,0.513,131.516,17.965,*
2009,2.1,FYM N3,FYM,2008-10-02,N3,144.000,2009-04-21,*,*,*,*,144,nil,*,nil,*,nil,*,2008-10-17,2009-08-14,Hereward,0.006,7.620,4.340,2.258,0.492,146.251,18.150,*
2010,2.1,FYM N3,FYM,2009-09-17,N3,144.000,2010-04-20,*,*,*,*,144,nil,*,nil,*,nil,*,2009-10-13,2010-08-31,Hereward,0.006,5.890,3.400,2.462,0.468,123.260,13.525,*
2011,2.1,FYM N3,FYM,2010-10-08,N3,144.000,2011-04-13,*,*,*,*,144,nil,*,nil,*,nil,*,2010-10-19,2011-08-15,Hereward,0.006,7.370,3.100,2.486,0.646,155.735,17.022,*
2012,2.1,FYM N3,FYM,2011-09-28,N3,144.000,2012-04-17,*,*,*,*,144,nil,*,nil,*,nil,*,2011-10-11,2012-08-20,Hereward,0.006,6.520,4.300,2.268,0.774,125.693,28.290,*
2013,2.1,FYM N3,FYM,2012-10-03,N3,144.000,2013-04-24,*,*,*,*,144,nil,*,nil,*,nil,*,2013-02-22,2013-08-29,Crusoe,0.006,5.950,2.650,2.603,0.535,131.647,12.051,*
2014,2.1,FYM N3,FYM,2013-10-02,N3,144.000,2014-04-03,*,*,*,*,144,nil,*,nil,*,nil,*,2013-10-18,2014-08-20,Crusoe,0.006,7.050,4.970,1.985,0.496,118.951,20.954,*
2015,2.1,FYM N3,FYM,2014-10-03,N3,144.000,2015-04-17,*,*,*,*,144,nil,*,nil,*,nil,*,2015-03-09,2015-09-26,Mulika,0.006,6.750,4.220,2.661,0.660,152.675,23.674,3
2001,2.2,FYM,FYM,2000-10-04,nil,*,*,*,*,*,*,0,nil,*,nil,*,nil,*,2001-01-16,2001-08-23,Hereward,0.007,2.170,1.870,2.211,0.466,40.782,7.407,*
2002,2.2,FYM,FYM,2001-09-12,nil,*,*,*,*,*,*,0,nil,*,nil,*,nil,*,2001-09-28,2002-08-14,Hereward,0.006,5.450,2.740,1.490,0.290,69.024,6.754,*
2003,2.2,FYM,FYM,2002-10-02,nil,*,*,*,*,*,*,0,nil,*,nil,*,nil,*,2002-10-04,2003-08-05,Hereward,0.006,5.070,3.710,1.560,0.260,67.228,8.199,*
2004,2.2,FYM,FYM,2003-09-25,nil,*,*,*,*,*,*,0,nil,*,nil,*,nil,*,2003-09-30,2004-09-02,Hereward,0.006,4.040,2.360,2.380,0.390,81.729,7.823,*
2005,2.2,FYM,FYM,2004-10-18,nil,*,*,*,*,*,*,0,nil,*,nil,*,nil,*,2004-11-05,2005-08-10,Hereward,0.006,4.180,1.810,1.690,0.270,60.046,4.154,*
2006,2.2,FYM,FYM,2005-09-28,nil,*,*,*,*,*,*,0,nil,*,nil,*,nil,*,2005-10-11,2006-08-23,Hereward,0.006,5.650,4.700,1.670,0.280,80.202,11.186,*
2007,2.2,FYM,FYM,2006-10-04,nil,*,*,*,*,*,*,0,nil,*,nil,*,nil,*,2006-11-01,2007-08-26,Hereward,0.006,3.940,1.930,1.810,0.470,60.617,7.710,*
2008,2.2,FYM,FYM,2007-10-10,nil,*,*,*,*,*,*,0,nil,*,nil,*,nil,*,2007-10-15,2008-08-26,Hereward,0.006,5.020,2.190,1.796,0.381,76.635,7.092,*
2009,2.2,FYM,FYM,2008-10-02,nil,*,*,*,*,*,*,0,nil,*,nil,*,nil,*,2008-10-17,2009-08-14,Hereward,0.006,5.560,4.400,1.632,0.318,77.128,11.893,*
2010,2.2,FYM,FYM,2009-09-17,nil,*,*,*,*,*,*,0,nil,*,nil,*,nil,*,2009-10-13,2010-08-31,Hereward,0.006,3.790,2.150,1.643,0.280,52.929,5.117,*
2011,2.2,FYM,FYM,2010-10-08,nil,*,*,*,*,*,*,0,nil,*,nil,*,nil,*,2010-10-19,2011-08-15,Hereward,0.006,5.890,2.220,1.828,0.410,91.519,7.737,*
2012,2.2,FYM,FYM,2011-09-28,nil,*,*,*,*,*,*,0,nil,*,nil,*,nil,*,2011-10-11,2012-08-20,Hereward,0.006,5.090,4.300,1.554,0.481,67.234,17.581,*
2013,2.2,FYM,FYM,2012-10-03,nil,*,*,*,*,*,*,0,nil,*,nil,*,nil,*,2013-02-22,2013-08-29,Crusoe,0.006,4.840,1.690,2.237,0.372,92.030,5.344,*
2014,2.2,FYM,FYM,2013-10-02,nil,*,*,*,*,*,*,0,nil,*,nil,*,nil,*,2013-10-18,2014-08-20,Crusoe,0.006,4.200,3.150,1.444,0.307,51.551,8.220,*
2015,2.2,FYM,FYM,2014-10-03,nil,*,*,*,*,*,*,0,nil,*,nil,*,nil,*,2015-03-09,2015-09-26,Mulika,0.006,6.550,3.110,2.031,0.453,113.076,11.975,3
2001,3,Nil,nil,*,nil,*,*,*,*,*,*,0,nil,*,nil,*,nil,*,2001-01-16,2001-08-23,Hereward,0.007,0.390,0.480,2.113,0.461,7.005,1.881,*
2002,3,Nil,nil,*,nil,*,*,*,*,*,*,0,nil,*,nil,*,nil,*,2001-09-28,2002-08-14,Hereward,0.006,0.470,0.130,1.270,0.390,5.074,0.431,*
2003,3,Nil,nil,*,nil,*,*,*,*,*,*,0,nil,*,nil,*,nil,*,2002-10-04,2003-08-05,Hereward,0.006,1.010,0.240,1.440,0.280,12.362,0.571,*
2004,3,Nil,nil,*,nil,*,*,*,*,*,*,0,nil,*,nil,*,nil,*,2003-09-30,2004-09-02,Hereward,0.006,0.710,0.110,1.440,0.390,8.690,0.365,*
2005,3,Nil,nil,*,nil,*,*,*,*,*,*,0,nil,*,nil,*,nil,*,2004-11-05,2005-08-10,Hereward,0.006,1.050,0.230,1.580,0.260,14.101,0.508,*
2006,3,Nil,nil,*,nil,*,*,*,*,*,*,0,nil,*,nil,*,nil,*,2005-10-11,2006-08-23,Hereward,0.006,1.120,0.410,1.680,0.290,15.994,1.011,*
2007,3,Nil,nil,*,nil,*,*,*,*,*,*,0,nil,*,nil,*,nil,*,2006-11-01,2007-08-26,Hereward,0.006,0.850,0.160,1.850,0.480,13.366,0.653,*
2008,3,Nil,nil,*,nil,*,*,*,*,*,*,0,nil,*,nil,*,nil,*,2007-10-15,2008-08-26,Hereward,0.006,0.030,0.010,1.892,0.436,0.482,0.037,*
2009,3,Nil,nil,*,nil,*,*,*,*,*,*,0,nil,*,nil,*,nil,*,2008-10-17,2009-08-14,Hereward,0.006,2.050,0.840,1.768,0.340,30.807,2.428,*
2010,3,Nil,nil,*,nil,*,*,*,*,*,*,0,nil,*,nil,*,nil,*,2009-10-13,2010-08-31,Hereward,0.006,1.020,0.330,1.681,0.293,14.574,0.822,*
2011,3,Nil,nil,*,nil,*,*,*,*,*,*,0,nil,*,nil,*,nil,*,2010-10-19,2011-08-15,Hereward,0.006,1.110,0.270,1.866,0.391,17.606,0.897,*
2012,3,Nil,nil,*,nil,*,*,*,*,*,*,0,nil,*,nil,*,nil,*,2011-10-11,2012-08-20,Hereward,0.006,0.540,0.150,1.780,0.431,8.170,0.550,*
2013,3,Nil,nil,*,nil,*,*,*,*,*,*,0,nil,*,nil,*,nil,*,2013-02-22,2013-08-29,Crusoe,0.006,1.600,0.340,2.129,0.371,28.954,1.072,*
2014,3,Nil,nil,*,nil,*,*,*,*,*,*,0,nil,*,nil,*,nil,*,2013-10-18,2014-08-20,Crusoe,0.006,1.370,0.700,1.426,0.324,16.606,1.928,*
2015,3,Nil,nil,*,nil,*,*,*,*,*,*,0,nil,*,nil,*,nil,*,2015-03-09,2015-09-26,Mulika,0.006,1.450,0.690,2.066,0.415,25.463,2.434,3
2001,5,(P)KMg,nil,*,nil,*,*,*,*,*,*,0,(P),*,K,2000-10-04,Mg,2000-10-04,2001-01-16,2001-08-23,Hereward,0.007,0.430,0.450,1.984,0.476,7.252,1.821,*
2002,5,(P)KMg,nil,*,nil,*,*,*,*,*,*,0,(P),*,K,2001-09-12,Mg,2001-09-12,2001-09-28,2002-08-14,Hereward,0.006,0.410,0.110,1.270,0.350,4.426,0.327,*
2003,5,(P)KMg,nil,*,nil,*,*,*,*,*,*,0,(P),*,K,2002-10-01,Mg,2002-10-01,2002-10-04,2003-08-05,Hereward,0.006,1.490,0.790,1.370,0.260,17.351,1.746,*
2004,5,(P)KMg,nil,*,nil,*,*,*,*,*,*,0,(P),*,K,2003-09-23,Mg,2003-09-23,2003-09-30,2004-09-02,Hereward,0.006,1.110,0.280,1.370,0.290,12.926,0.690,*
2005,5,(P)KMg,nil,*,nil,*,*,*,*,*,*,0,(P),*,K,2004-10-13,Mg,2004-10-13,2004-11-05,2005-08-10,Hereward,0.006,1.090,0.160,1.600,0.280,14.824,0.381,*
2006,5,(P)KMg,nil,*,nil,*,*,*,*,*,*,0,(P),*,K,2005-09-28,Mg,2005-09-28,2005-10-11,2006-08-23,Hereward,0.006,1.260,0.290,1.600,0.310,17.136,0.764,*
2007,5,(P)KMg,nil,*,nil,*,*,*,*,*,*,0,(P),*,K,2006-10-09,Mg,2006-10-09,2006-11-01,2007-08-26,Hereward,0.006,1.050,0.230,1.740,0.400,15.529,0.782,*
2008,5,(P)KMg,nil,*,nil,*,*,*,*,*,*,0,(P),*,K,2007-10-01,Mg,2007-10-01,2007-10-15,2008-08-26,Hereward,0.006,0.680,0.070,1.629,0.398,9.416,0.237,*
2009,5,(P)KMg,nil,*,nil,*,*,*,*,*,*,0,(P),*,K,2008-09-29,Mg,2008-09-29,2008-10-17,2009-08-14,Hereward,0.006,1.710,0.860,1.624,0.272,23.605,1.988,*
2010,5,(P)KMg,nil,*,nil,*,*,*,*,*,*,0,(P),*,K,2009-09-14,Mg,2009-09-14,2009-10-13,2010-08-31,Hereward,0.006,1.250,0.340,1.441,0.263,15.311,0.760,*
2011,5,(P)KMg,nil,*,nil,*,*,*,*,*,*,0,(P),*,K,2010-10-07,Mg,2010-10-07,2010-10-19,2011-08-15,Hereward,0.006,1.800,0.570,1.735,0.345,26.546,1.672,*
2012,5,(P)KMg,nil,*,nil,*,*,*,*,*,*,0,(P),*,K,2011-09-27,Mg,2011-09-27,2011-10-11,2012-08-20,Hereward,0.006,1.210,0.170,1.502,0.411,15.448,0.594,*
2013,5,(P)KMg,nil,*,nil,*,*,*,*,*,*,0,(P),*,K,2012-09-28,Mg,2012-09-28,2013-02-22,2013-08-29,Crusoe,0.006,1.950,0.480,1.896,0.338,31.426,1.379,*
2014,5,(P)KMg,nil,*,nil,*,*,*,*,*,*,0,(P),*,K,2013-09-30,Mg,2013-09-30,2013-10-18,2014-08-20,Crusoe,0.006,1.470,0.620,1.432,0.303,17.893,1.597,*
2015,5,(P)KMg,nil,*,nil,*,*,*,*,*,*,0,(P),*,K,2014-10-02,Mg,2014-10-02,2015-03-09,2015-09-26,Mulika,0.006,1.580,0.600,1.820,0.394,24.443,2.009,3
2001,6,N1(P)KMg,nil,*,N1,48.000,2001-05-04,*,*,*,*,48,(P),*,K,2000-10-04,Mg,2000-10-04,2001-01-16,2001-08-23,Hereward,0.007,2.320,2.220,1.780,0.392,35.102,7.397,*
2002,6,N1(P)KMg,nil,*,N1,48.000,2002-04-24,*,*,*,*,48,(P),*,K,2001-09-12,Mg,2001-09-12,2001-09-28,2002-08-14,Hereward,0.006,1.510,0.700,1.430,0.490,18.354,2.915,*
2003,6,N1(P)KMg,nil,*,N1,48.000,2003-04-15,*,*,*,*,48,(P),*,K,2002-10-01,Mg,2002-10-01,2002-10-04,2003-08-05,Hereward,0.006,4.270,1.980,1.540,0.300,55.894,5.049,*
2004,6,N1(P)KMg,nil,*,N1,48.000,2004-05-07,*,*,*,*,48,(P),*,K,2003-09-23,Mg,2003-09-23,2003-09-30,2004-09-02,Hereward,0.006,2.840,1.500,1.580,0.490,38.141,6.247,*
2005,6,N1(P)KMg,nil,*,N1,48.000,2005-04-14,*,*,*,*,48,(P),*,K,2004-10-13,Mg,2004-10-13,2004-11-05,2005-08-10,Hereward,0.006,3.270,0.880,1.360,0.260,37.801,1.945,*
2006,6,N1(P)KMg,nil,*,N1,48.000,2006-04-20,*,*,*,*,48,(P),*,K,2005-09-28,Mg,2005-09-28,2005-10-11,2006-08-23,Hereward,0.006,3.190,1.220,1.520,0.300,41.215,3.111,*
2007,6,N1(P)KMg,nil,*,N1,48.000,2007-04-24,*,*,*,*,48,(P),*,K,2006-10-09,Mg,2006-10-09,2006-11-01,2007-08-26,Hereward,0.006,2.020,0.330,1.710,0.460,29.361,1.290,*
2008,6,N1(P)KMg,nil,*,N1,48.000,2008-04-17,*,*,*,*,48,(P),*,K,2007-10-01,Mg,2007-10-01,2007-10-15,2008-08-26,Hereward,0.006,3.750,1.630,1.480,0.321,47.175,4.447,*
2009,6,N1(P)KMg,nil,*,N1,48.000,2009-04-21,*,*,*,*,48,(P),*,K,2008-09-29,Mg,2008-09-29,2008-10-17,2009-08-14,Hereward,0.006,2.670,1.170,2.015,0.411,45.730,4.087,*
2010,6,N1(P)KMg,nil,*,N1,48.000,2010-04-20,*,*,*,*,48,(P),*,K,2009-09-14,Mg,2009-09-14,2009-10-13,2010-08-31,Hereward,0.006,3.740,1.470,1.618,0.292,51.436,3.649,*
2011,6,N1(P)KMg,nil,*,N1,48.000,2011-04-13,*,*,*,*,48,(P),*,K,2010-10-07,Mg,2010-10-07,2010-10-19,2011-08-15,Hereward,0.006,2.620,1.030,2.292,0.553,51.043,4.842,*
2012,6,N1(P)KMg,nil,*,N1,48.000,2012-04-17,*,*,*,*,48,(P),*,K,2011-09-27,Mg,2011-09-27,2011-10-11,2012-08-20,Hereward,0.006,3.320,1.440,1.494,0.371,42.161,4.541,*
2013,6,N1(P)KMg,nil,*,N1,48.000,2013-04-24,*,*,*,*,48,(P),*,K,2012-09-28,Mg,2012-09-28,2013-02-22,2013-08-29,Crusoe,0.006,3.580,1.120,1.976,0.319,60.130,3.037,*
2014,6,N1(P)KMg,nil,*,N1,48.000,2014-04-03,*,*,*,*,48,(P),*,K,2013-09-30,Mg,2013-09-30,2013-10-18,2014-08-20,Crusoe,0.006,3.290,1.900,1.246,0.286,34.844,4.619,*
2015,6,N1(P)KMg,nil,*,N1,48.000,2015-04-17,*,*,*,*,48,(P),*,K,2014-10-02,Mg,2014-10-02,2015-03-09,2015-09-26,Mulika,0.006,3.470,1.560,1.760,0.412,51.911,5.463,3
2001,7,N2(P)KMg,nil,*,N2,96.000,2001-05-04,*,*,*,*,96,(P),*,K,2000-10-04,Mg,2000-10-04,2001-01-16,2001-08-23,Hereward,0.007,2.860,2.330,2.059,0.464,50.054,9.190,*
2002,7,N2(P)KMg,nil,*,N2,96.000,2002-04-24,*,*,*,*,96,(P),*,K,2001-09-12,Mg,2001-09-12,2001-09-28,2002-08-14,Hereward,0.006,2.720,1.490,1.590,0.440,36.761,5.573,*
2003,7,N2(P)KMg,nil,*,N2,96.000,2003-04-15,*,*,*,*,96,(P),*,K,2002-10-01,Mg,2002-10-01,2002-10-04,2003-08-05,Hereward,0.006,6.640,2.920,1.730,0.340,97.641,8.439,*
2004,7,N2(P)KMg,nil,*,N2,96.000,2004-05-07,*,*,*,*,96,(P),*,K,2003-09-23,Mg,2003-09-23,2003-09-30,2004-09-02,Hereward,0.006,4.090,1.320,2.120,0.380,73.702,4.264,*
2005,7,N2(P)KMg,nil,*,N2,96.000,2005-04-14,*,*,*,*,96,(P),*,K,2004-10-13,Mg,2004-10-13,2004-11-05,2005-08-10,Hereward,0.006,5.120,1.670,1.630,0.380,70.938,5.394,*
2006,7,N2(P)KMg,nil,*,N2,96.000,2006-04-20,*,*,*,*,96,(P),*,K,2005-09-28,Mg,2005-09-28,2005-10-11,2006-08-23,Hereward,0.006,5.590,2.590,1.630,0.340,77.449,7.485,*
2007,7,N2(P)KMg,nil,*,N2,96.000,2007-04-24,*,*,*,*,96,(P),*,K,2006-10-09,Mg,2006-10-09,2006-11-01,2007-08-26,Hereward,0.006,3.220,0.840,1.870,0.520,51.182,3.713,*
2008,7,N2(P)KMg,nil,*,N2,96.000,2008-04-17,*,*,*,*,96,(P),*,K,2007-10-01,Mg,2007-10-01,2007-10-15,2008-08-26,Hereward,0.006,5.890,2.490,1.633,0.330,81.756,6.984,*
2009,7,N2(P)KMg,nil,*,N2,96.000,2009-04-21,*,*,*,*,96,(P),*,K,2008-09-29,Mg,2008-09-29,2008-10-17,2009-08-14,Hereward,0.006,3.830,1.810,2.402,0.412,78.197,6.339,*
2010,7,N2(P)KMg,nil,*,N2,96.000,2010-04-20,*,*,*,*,96,(P),*,K,2009-09-14,Mg,2009-09-14,2009-10-13,2010-08-31,Hereward,0.006,5.850,2.300,1.908,0.323,94.875,6.315,*
2011,7,N2(P)KMg,nil,*,N2,96.000,2011-04-13,*,*,*,*,96,(P),*,K,2010-10-07,Mg,2010-10-07,2010-10-19,2011-08-15,Hereward,0.006,4.430,1.720,2.467,0.580,92.895,8.480,*
2012,7,N2(P)KMg,nil,*,N2,96.000,2012-04-17,*,*,*,*,96,(P),*,K,2011-09-27,Mg,2011-09-27,2011-10-11,2012-08-20,Hereward,0.006,5.190,2.310,1.599,0.404,70.540,7.933,*
2013,7,N2(P)KMg,nil,*,N2,96.000,2013-04-24,*,*,*,*,96,(P),*,K,2012-09-28,Mg,2012-09-28,2013-02-22,2013-08-29,Crusoe,0.006,5.230,1.770,1.842,0.333,81.886,5.010,*
2014,7,N2(P)KMg,nil,*,N2,96.000,2014-04-03,*,*,*,*,96,(P),*,K,2013-09-30,Mg,2013-09-30,2013-10-18,2014-08-20,Crusoe,0.006,4.710,2.570,1.446,0.308,57.891,6.728,*
2015,7,N2(P)KMg,nil,*,N2,96.000,2015-04-17,*,*,*,*,96,(P),*,K,2014-10-02,Mg,2014-10-02,2015-03-09,2015-09-26,Mulika,0.006,5.080,2.500,1.927,0.397,83.208,8.436,3
2001,8,N3(P)KMg,nil,*,N3,144.000,2001-05-04,*,*,*,*,144,(P),*,K,2000-10-04,Mg,2000-10-04,2001-01-16,2001-08-23,Hereward,0.007,3.630,2.780,2.072,0.491,63.932,11.602,*
2002,8,N3(P)KMg,nil,*,N3,144.000,2002-04-24,*,*,*,*,144,(P),*,K,2001-09-12,Mg,2001-09-12,2001-09-28,2002-08-14,Hereward,0.006,3.080,1.630,1.890,0.590,49.480,8.174,*
2003,8,N3(P)KMg,nil,*,N3,144.000,2003-04-15,*,*,*,*,144,(P),*,K,2002-10-01,Mg,2002-10-01,2002-10-04,2003-08-05,Hereward,0.006,6.900,2.960,2.050,0.400,120.232,10.064,*
2004,8,N3(P)KMg,nil,*,N3,144.000,2004-05-07,*,*,*,*,144,(P),*,K,2003-09-23,Mg,2003-09-23,2003-09-30,2004-09-02,Hereward,0.006,4.500,1.600,2.240,0.430,85.680,5.848,*
2005,8,N3(P)KMg,nil,*,N3,144.000,2005-04-14,*,*,*,*,144,(P),*,K,2004-10-13,Mg,2004-10-13,2004-11-05,2005-08-10,Hereward,0.006,5.820,1.690,1.880,0.400,93.004,5.746,*
2006,8,N3(P)KMg,nil,*,N3,144.000,2006-04-20,*,*,*,*,144,(P),*,K,2005-09-28,Mg,2005-09-28,2005-10-11,2006-08-23,Hereward,0.006,6.170,2.900,1.970,0.410,103.317,10.106,*
2007,8,N3(P)KMg,nil,*,N3,144.000,2007-04-24,*,*,*,*,144,(P),*,K,2006-10-09,Mg,2006-10-09,2006-11-01,2007-08-26,Hereward,0.006,3.120,0.810,2.000,0.650,53.040,4.475,*
2008,8,N3(P)KMg,nil,*,N3,144.000,2008-04-17,*,*,*,*,144,(P),*,K,2007-10-01,Mg,2007-10-01,2007-10-15,2008-08-26,Hereward,0.006,6.460,2.810,1.834,0.381,100.705,9.100,*
2009,8,N3(P)KMg,nil,*,N3,144.000,2009-04-21,*,*,*,*,144,(P),*,K,2008-09-29,Mg,2008-09-29,2008-10-17,2009-08-14,Hereward,0.006,3.630,1.740,2.654,0.484,81.889,7.158,*
2010,8,N3(P)KMg,nil,*,N3,144.000,2010-04-20,*,*,*,*,144,(P),*,K,2009-09-14,Mg,2009-09-14,2009-10-13,2010-08-31,Hereward,0.006,6.090,2.540,2.115,0.416,109.483,8.981,*
2011,8,N3(P)KMg,nil,*,N3,144.000,2011-04-13,*,*,*,*,144,(P),*,K,2010-10-07,Mg,2010-10-07,2010-10-19,2011-08-15,Hereward,0.006,4.120,1.190,2.791,0.706,97.741,7.141,*
2012,8,N3(P)KMg,nil,*,N3,144.000,2012-04-17,*,*,*,*,144,(P),*,K,2011-09-27,Mg,2011-09-27,2011-10-11,2012-08-20,Hereward,0.006,6.370,3.670,1.752,0.473,94.862,14.755,*
2013,8,N3(P)KMg,nil,*,N3,144.000,2013-04-24,*,*,*,*,144,(P),*,K,2012-09-28,Mg,2012-09-28,2013-02-22,2013-08-29,Crusoe,0.006,5.950,2.590,1.824,0.343,92.249,7.551,*
2014,8,N3(P)KMg,nil,*,N3,144.000,2014-04-03,*,*,*,*,144,(P),*,K,2013-09-30,Mg,2013-09-30,2013-10-18,2014-08-20,Crusoe,0.006,5.910,3.270,1.732,0.373,87.007,10.368,*
2015,8,N3(P)KMg,nil,*,N3,144.000,2015-04-17,*,*,*,*,144,(P),*,K,2014-10-02,Mg,2014-10-02,2015-03-09,2015-09-26,Mulika,0.006,6.050,3.330,1.955,0.406,100.536,11.492,3
2001,9,N4(P)KMg,nil,*,N4,192.000,2001-05-04,*,*,*,*,192,(P),*,K,2000-10-04,Mg,2000-10-04,2001-01-16,2001-08-23,Hereward,0.007,4.890,2.850,2.437,0.635,101.294,15.383,*
2002,9,N4(P)KMg,nil,*,N4,192.000,2002-04-24,*,*,*,*,192,(P),*,K,2001-09-12,Mg,2001-09-12,2001-09-28,2002-08-14,Hereward,0.006,5.730,2.310,1.980,0.580,96.436,11.388,*
2003,9,N4(P)KMg,nil,*,N4,192.000,2003-04-15,*,*,*,*,192,(P),*,K,2002-10-01,Mg,2002-10-01,2002-10-04,2003-08-05,Hereward,0.006,6.720,2.800,2.480,0.530,141.658,12.614,*
2004,9,N4(P)KMg,nil,*,N4,192.000,2004-05-07,*,*,*,*,192,(P),*,K,2003-09-23,Mg,2003-09-23,2003-09-30,2004-09-02,Hereward,0.006,5.780,2.020,2.600,0.540,127.738,9.272,*
2005,9,N4(P)KMg,nil,*,N4,192.000,2005-04-14,*,*,*,*,192,(P),*,K,2004-10-13,Mg,2004-10-13,2004-11-05,2005-08-10,Hereward,0.006,7.100,2.570,2.090,0.540,126.131,11.796,*
2006,9,N4(P)KMg,nil,*,N4,192.000,2006-04-20,*,*,*,*,192,(P),*,K,2005-09-28,Mg,2005-09-28,2005-10-11,2006-08-23,Hereward,0.006,7.310,3.430,2.160,0.500,134.212,14.578,*
2007,9,N4(P)KMg,nil,*,N4,192.000,2007-04-24,*,*,*,*,192,(P),*,K,2006-10-09,Mg,2006-10-09,2006-11-01,2007-08-26,Hereward,0.006,4.930,1.620,2.310,0.690,96.801,9.501,*
2008,9,N4(P)KMg,nil,*,N4,192.000,2008-04-17,*,*,*,*,192,(P),*,K,2007-10-01,Mg,2007-10-01,2007-10-15,2008-08-26,Hereward,0.006,7.730,3.880,2.141,0.528,140.674,17.413,*
2009,9,N4(P)KMg,nil,*,N4,192.000,2009-04-21,*,*,*,*,192,(P),*,K,2008-09-29,Mg,2008-09-29,2008-10-17,2009-08-14,Hereward,0.006,3.860,1.790,2.794,0.558,91.671,8.490,*
2010,9,N4(P)KMg,nil,*,N4,192.000,2010-04-20,*,*,*,*,192,(P),*,K,2009-09-14,Mg,2009-09-14,2009-10-13,2010-08-31,Hereward,0.006,6.470,2.820,2.346,0.468,129.018,11.218,*
2011,9,N4(P)KMg,nil,*,N4,192.000,2011-04-13,*,*,*,*,192,(P),*,K,2010-10-07,Mg,2010-10-07,2010-10-19,2011-08-15,Hereward,0.006,4.830,1.740,2.907,0.663,119.347,9.806,*
2012,9,N4(P)KMg,nil,*,N4,192.000,2012-04-17,*,*,*,*,192,(P),*,K,2011-09-27,Mg,2011-09-27,2011-10-11,2012-08-20,Hereward,0.006,6.360,3.520,2.046,0.665,110.607,19.897,*
2013,9,N4(P)KMg,nil,*,N4,192.000,2013-04-24,*,*,*,*,192,(P),*,K,2012-09-28,Mg,2012-09-28,2013-02-22,2013-08-29,Crusoe,0.006,6.080,2.540,2.206,0.533,114.006,11.507,*
2014,9,N4(P)KMg,nil,*,N4,192.000,2014-04-03,*,*,*,*,192,(P),*,K,2013-09-30,Mg,2013-09-30,2013-10-18,2014-08-20,Crusoe,0.006,7.510,4.270,2.000,0.419,127.670,15.208,*
2015,9,N4(P)KMg,nil,*,N4,192.000,2015-04-17,*,*,*,*,192,(P),*,K,2014-10-02,Mg,2014-10-02,2015-03-09,2015-09-26,Mulika,0.006,6.340,3.530,2.249,0.560,121.199,16.803,3
2001,10,N4,nil,*,N4,192.000,2001-05-04,*,*,*,*,192,nil,*,nil,*,nil,*,2001-01-16,2001-08-23,Hereward,0.007,1.490,0.940,2.498,0.660,31.637,5.273,*
2002,10,N4,nil,*,N4,192.000,2002-04-24,*,*,*,*,192,nil,*,nil,*,nil,*,2001-09-28,2002-08-14,Hereward,0.006,0.660,0.450,2.230,0.830,12.510,3.175,*
2003,10,N4,nil,*,N4,192.000,2003-04-15,*,*,*,*,192,nil,*,nil,*,nil,*,2002-10-04,2003-08-05,Hereward,0.006,2.700,1.370,2.170,0.460,49.802,5.357,*
2004,10,N4,nil,*,N4,192.000,2004-05-07,*,*,*,*,192,nil,*,nil,*,nil,*,2003-09-30,2004-09-02,Hereward,0.006,2.260,1.140,2.240,0.470,43.030,4.554,*
2005,10,N4,nil,*,N4,192.000,2005-04-14,*,*,*,*,192,nil,*,nil,*,nil,*,2004-11-05,2005-08-10,Hereward,0.006,3.050,0.690,2.160,0.470,55.998,2.757,*
2006,10,N4,nil,*,N4,192.000,2006-04-20,*,*,*,*,192,nil,*,nil,*,nil,*,2005-10-11,2006-08-23,Hereward,0.006,3.040,1.220,2.230,0.470,57.623,4.874,*
2007,10,N4,nil,*,N4,192.000,2007-04-24,*,*,*,*,192,nil,*,nil,*,nil,*,2006-11-01,2007-08-26,Hereward,0.006,1.110,0.300,2.460,0.660,23.210,1.683,*
2008,10,N4,nil,*,N4,192.000,2008-04-17,*,*,*,*,192,nil,*,nil,*,nil,*,2007-10-15,2008-08-26,Hereward,0.006,2.660,1.200,2.010,0.431,45.446,4.396,*
2009,10,N4,nil,*,N4,192.000,2009-04-21,*,*,*,*,192,nil,*,nil,*,nil,*,2008-10-17,2009-08-14,Hereward,0.006,1.060,0.620,2.303,0.505,20.750,2.661,*
2010,10,N4,nil,*,N4,192.000,2010-04-20,*,*,*,*,192,nil,*,nil,*,nil,*,2009-10-13,2010-08-31,Hereward,0.006,1.670,0.890,2.441,0.449,34.650,3.397,*
2011,10,N4,nil,*,N4,192.000,2011-04-13,*,*,*,*,192,nil,*,nil,*,nil,*,2010-10-19,2011-08-15,Hereward,0.006,1.700,0.730,2.390,0.609,34.535,3.779,*
2012,10,N4,nil,*,N4,192.000,2012-04-17,*,*,*,*,192,nil,*,nil,*,nil,*,2011-10-11,2012-08-20,Hereward,0.006,1.480,0.750,2.235,0.597,28.116,3.806,*
2013,10,N4,nil,*,N4,192.000,2013-04-24,*,*,*,*,192,nil,*,nil,*,nil,*,2013-02-22,2013-08-29,Crusoe,0.006,2.880,0.580,2.283,0.449,55.888,2.214,*
2014,10,N4,nil,*,N4,192.000,2014-04-03,*,*,*,*,192,nil,*,nil,*,nil,*,2013-10-18,2014-08-20,Crusoe,0.006,2.340,1.630,2.193,0.603,43.619,8.355,*
2015,10,N4,nil,*,N4,192.000,2015-04-17,*,*,*,*,192,nil,*,nil,*,nil,*,2015-03-09,2015-09-26,Mulika,0.006,4.110,1.380,2.537,0.477,88.630,5.595,3
2001,11,N4PMg,nil,*,N4,192.000,2001-05-04,*,*,*,*,192,P,2000-10-04,nil,*,Mg,2000-10-04,2001-01-16,2001-08-23,Hereward,0.007,1.960,1.390,2.149,0.879,35.802,10.385,*
2002,11,N4PMg,nil,*,N4,192.000,2002-04-24,*,*,*,*,192,P,2001-09-12,nil,*,Mg,2001-09-12,2001-09-28,2002-08-14,Hereward,0.006,4.450,1.900,1.920,0.700,72.624,11.305,*
2003,11,N4PMg,nil,*,N4,192.000,2003-04-15,*,*,*,*,192,P,2002-10-01,nil,*,Mg,2002-10-01,2002-10-04,2003-08-05,Hereward,0.006,3.970,1.420,2.010,0.730,67.827,8.811,*
2004,11,N4PMg,nil,*,N4,192.000,2004-05-07,*,*,*,*,192,P,2003-09-23,nil,*,Mg,2003-09-23,2003-09-30,2004-09-02,Hereward,0.006,4.860,1.880,1.950,0.650,80.555,10.387,*
2005,11,N4PMg,nil,*,N4,192.000,2005-04-14,*,*,*,*,192,P,2004-10-13,nil,*,Mg,2004-10-13,2004-11-05,2005-08-10,Hereward,0.006,4.050,1.070,1.970,0.760,67.817,6.912,*
2006,11,N4PMg,nil,*,N4,192.000,2006-04-20,*,*,*,*,192,P,2005-09-28,nil,*,Mg,2005-09-28,2005-10-11,2006-08-23,Hereward,0.006,5.540,2.140,2.150,0.820,101.243,14.916,*
2007,11,N4PMg,nil,*,N4,192.000,2007-04-24,*,*,*,*,192,P,2006-10-09,nil,*,Mg,2006-10-09,2006-11-01,2007-08-26,Hereward,0.006,2.540,0.560,2.240,0.920,48.362,4.379,*
2008,11,N4PMg,nil,*,N4,192.000,2008-04-17,*,*,*,*,192,P,2007-10-01,nil,*,Mg,2007-10-01,2007-10-15,2008-08-26,Hereward,0.006,3.390,1.140,1.970,0.874,56.766,8.469,*
2009,11,N4PMg,nil,*,N4,192.000,2009-04-21,*,*,*,*,192,P,2008-09-29,nil,*,Mg,2008-09-29,2008-10-17,2009-08-14,Hereward,0.006,4.590,1.880,2.124,0.554,82.868,8.853,*
2010,11,N4PMg,nil,*,N4,192.000,2010-04-20,*,*,*,*,192,P,2009-09-14,nil,*,Mg,2009-09-14,2009-10-13,2010-08-31,Hereward,0.006,4.980,1.940,2.162,0.517,91.517,8.525,*
2011,11,N4PMg,nil,*,N4,192.000,2011-04-13,*,*,*,*,192,P,2010-10-07,nil,*,Mg,2010-10-07,2010-10-19,2011-08-15,Hereward,0.006,4.330,1.540,2.357,0.732,86.749,9.582,*
2012,11,N4PMg,nil,*,N4,192.000,2012-04-17,*,*,*,*,192,P,2011-09-27,nil,*,Mg,2011-09-27,2011-10-11,2012-08-20,Hereward,0.006,3.290,1.280,2.219,0.949,62.054,10.325,*
2013,11,N4PMg,nil,*,N4,192.000,2013-04-24,*,*,*,*,192,P,2012-09-28,nil,*,Mg,2012-09-28,2013-02-22,2013-08-29,Crusoe,0.006,4.350,1.390,2.039,0.703,75.392,8.306,*
2014,11,N4PMg,nil,*,N4,192.000,2014-04-03,*,*,*,*,192,P,2013-09-30,nil,*,Mg,2013-09-30,2013-10-18,2014-08-20,Crusoe,0.006,6.080,3.590,2.231,0.620,115.298,18.919,*
2015,11,N4PMg,nil,*,N4,192.000,2015-04-17,*,*,*,*,192,P,2014-10-02,nil,*,Mg,2014-10-02,2015-03-09,2015-09-26,Mulika,0.006,4.900,1.820,2.273,0.612,94.670,9.468,3
2001,12,N1+3+1(P)K2Mg2,nil,*,N1+N3+N1,48.000,2001-03-26,144.000,2001-05-04,48.000,2001-05-31,240,(P),*,K2,2000-10-04,Mg2,2000-10-04,2001-01-16,2001-08-23,Hereward,0.007,5.240,3.320,2.327,0.607,103.645,17.130,"1,2"
2002,12,N1+3+1(P)K2Mg2,nil,*,N1+N3+N1,48.000,2002-03-26,144.000,2002-04-24,48.000,2002-05-23,240,(P),*,K2,2001-09-12,Mg2,2001-09-12,2001-09-28,2002-08-14,Hereward,0.006,5.050,2.540,2.180,0.670,93.576,14.465,*
2003,12,N1+3+1(P)K2Mg2,nil,*,N1+N3+N1,48.000,2003-03-12,144.000,2003-04-15,48.000,2003-05-07,240,(P),*,K2,2002-10-01,Mg2,2002-10-01,2002-10-04,2003-08-05,Hereward,0.006,7.150,3.320,2.450,0.550,148.899,15.521,*
2004,12,N1+3+1(P)K2Mg2,nil,*,N1+N3+N1,48.000,2004-03-17,144.000,2004-05-07,48.000,2004-05-25,240,(P),*,K2,2003-09-23,Mg2,2003-09-23,2003-09-30,2004-09-02,Hereward,0.006,5.780,3.280,2.510,0.600,123.316,16.728,*
2005,12,N1+3+1(P)K2Mg2,nil,*,N1+N3+N1,48.000,2005-03-07,144.000,2005-04-14,48.000,2005-05-10,240,(P),*,K2,2004-10-13,Mg2,2004-10-13,2004-11-05,2005-08-10,Hereward,0.006,7.000,2.950,2.130,0.560,126.735,14.042,*
2006,12,N1+3+1(P)KMg,nil,*,N1+N3+N1,48.000,2006-03-13,144.000,2006-04-20,48.000,2006-05-17,240,(P),*,K,2005-09-28,Mg,2005-09-28,2005-10-11,2006-08-23,Hereward,0.006,8.220,4.490,2.300,0.490,160.701,18.701,*
2007,12,N1+3+1(P)KMg,nil,*,N1+N3+N1,48.000,2007-03-14,144.000,2007-04-24,48.000,2007-05-22,240,(P),*,K,2006-10-09,Mg,2006-10-09,2006-11-01,2007-08-26,Hereward,0.006,4.820,1.380,2.380,0.810,97.509,9.501,*
2008,12,N1+3+1(P)KMg,nil,*,N1+N3+N1,48.000,2008-03-18,144.000,2008-04-17,48.000,2008-05-15,240,(P),*,K,2007-10-01,Mg,2007-10-01,2007-10-15,2008-08-26,Hereward,0.006,8.410,4.080,2.200,0.567,157.267,19.664,*
2009,12,N1+3+1(P)KMg,nil,*,N1+N3+N1,48.000,2009-03-09,144.000,2009-04-21,48.000,2009-05-13,240,(P),*,K,2008-09-29,Mg,2008-09-29,2008-10-17,2009-08-14,Hereward,0.006,4.980,2.660,2.712,0.701,114.799,15.850,*
2010,12,N1+3+1(P)KMg,nil,*,N1+N3+N1,48.000,2010-03-19,144.000,2010-04-20,48.000,2010-05-17,240,(P),*,K,2009-09-14,Mg,2009-09-14,2009-10-13,2010-08-31,Hereward,0.006,7.120,3.610,2.431,0.499,147.124,15.312,*
2011,12,N1+3+1(P)KMg,nil,*,N1+N3+N1,48.000,2011-03-15,144.000,2011-04-13,48.000,2011-05-12,240,(P),*,K,2010-10-07,Mg,2010-10-07,2010-10-19,2011-08-15,Hereward,0.006,5.440,2.170,2.917,0.753,134.882,13.889,*
2012,12,N1+3+1(P)KMg,nil,*,N1+N3+N1,48.000,2012-03-15,144.000,2012-04-17,48.000,2012-05-22,240,(P),*,K,2011-09-27,Mg,2011-09-27,2011-10-11,2012-08-20,Hereward,0.006,6.490,4.020,2.336,1.145,128.865,39.125,*
2013,12,N1+3+1(P)KMg,nil,*,N1+N3+N1,48.000,2013-03-12,144.000,2013-04-24,48.000,2013-05-21,240,(P),*,K,2012-09-28,Mg,2012-09-28,2013-02-22,2013-08-29,Crusoe,0.006,5.870,2.060,2.340,0.616,116.754,10.786,*
2014,12,N1+3+1(P)KMg,nil,*,N1+N3+N1,48.000,2014-03-10,144.000,2014-04-03,48.000,2014-05-20,240,(P),*,K,2013-09-30,Mg,2013-09-30,2013-10-18,2014-08-20,Crusoe,0.006,8.350,5.260,2.167,0.488,153.803,21.818,*
2015,12,N1+3+1(P)KMg,nil,*,N1+N3+N1,48.000,2015-04-09,144.000,2015-04-17,48.000,2015-05-08,240,(P),*,K,2014-10-02,Mg,2014-10-02,2015-03-09,2015-09-26,Mulika,0.006,6.590,3.400,2.514,0.602,140.822,17.398,3
2001,13,N4PK,nil,*,N4,192.000,2001-05-04,*,*,*,*,192,P,2000-10-04,K,2000-10-04,nil,*,2001-01-16,2001-08-23,Hereward,0.007,4.270,2.860,2.382,0.643,86.455,15.631,*
2002,13,N4PK,nil,*,N4,192.000,2002-04-24,*,*,*,*,192,P,2001-09-12,K,2001-09-12,nil,*,2001-09-28,2002-08-14,Hereward,0.006,5.310,2.630,1.900,0.500,85.756,11.178,*
2003,13,N4PK,nil,*,N4,192.000,2003-04-15,*,*,*,*,192,P,2002-10-01,K,2002-10-01,nil,*,2002-10-04,2003-08-05,Hereward,0.006,6.570,2.970,2.420,0.560,135.145,14.137,*
2004,13,N4PK,nil,*,N4,192.000,2004-05-07,*,*,*,*,192,P,2003-09-23,K,2003-09-23,nil,*,2003-09-30,2004-09-02,Hereward,0.006,5.170,1.930,2.630,0.590,115.575,9.679,*
2005,13,N4PK,nil,*,N4,192.000,2005-04-14,*,*,*,*,192,P,2004-10-13,K,2004-10-13,nil,*,2004-11-05,2005-08-10,Hereward,0.006,6.230,1.990,2.010,0.490,106.440,8.288,*
2006,13,N4PK,nil,*,N4,192.000,2006-04-20,*,*,*,*,192,P,2005-09-28,K,2005-09-28,nil,*,2005-10-11,2006-08-23,Hereward,0.006,7.030,3.570,2.160,0.440,129.071,13.352,*
2007,13,N4PK,nil,*,N4,192.000,2007-04-24,*,*,*,*,192,P,2006-10-09,K,2006-10-09,nil,*,2006-11-01,2007-08-26,Hereward,0.006,4.290,1.230,2.120,0.740,77.306,7.737,*
2008,13,N4PK,nil,*,N4,192.000,2008-04-17,*,*,*,*,192,P,2007-10-01,K,2007-10-01,nil,*,2007-10-15,2008-08-26,Hereward,0.006,7.620,3.550,2.136,0.576,138.349,17.381,*
2009,13,N4PK,nil,*,N4,192.000,2009-04-21,*,*,*,*,192,P,2008-09-29,K,2008-09-29,nil,*,2008-10-17,2009-08-14,Hereward,0.006,3.810,1.660,2.965,0.651,96.022,9.186,*
2010,13,N4PK,nil,*,N4,192.000,2010-04-20,*,*,*,*,192,P,2009-09-14,K,2009-09-14,nil,*,2009-10-13,2010-08-31,Hereward,0.006,6.230,2.750,2.531,0.442,134.029,10.332,*
2011,13,N4PK,nil,*,N4,192.000,2011-04-13,*,*,*,*,192,P,2010-10-07,K,2010-10-07,nil,*,2010-10-19,2011-08-15,Hereward,0.006,4.620,1.800,2.898,0.900,113.804,13.770,*
2012,13,N4PK,nil,*,N4,192.000,2012-04-17,*,*,*,*,192,P,2011-09-27,K,2011-09-27,nil,*,2011-10-11,2012-08-20,Hereward,0.006,6.120,3.030,1.995,0.629,103.780,16.200,*
2013,13,N4PK,nil,*,N4,192.000,2013-04-24,*,*,*,*,192,P,2012-09-28,K,2012-09-28,nil,*,2013-02-22,2013-08-29,Crusoe,0.006,5.840,1.850,2.224,0.628,110.399,9.875,*
2014,13,N4PK,nil,*,N4,192.000,2014-04-03,*,*,*,*,192,P,2013-09-30,K,2013-09-30,nil,*,2013-10-18,2014-08-20,Crusoe,0.006,7.630,4.050,1.975,0.449,128.089,15.457,*
2015,13,N4PK,nil,*,N4,192.000,2015-04-17,*,*,*,*,192,P,2014-10-02,K,2014-10-02,nil,*,2015-03-09,2015-09-26,Mulika,0.006,5.410,3.360,2.405,0.636,110.594,18.164,3
2001,14,N4PK*(Mg*),nil,*,N4,192.000,2001-05-04,*,*,*,*,192,P,2000-10-04,K*,2000-10-04,(Mg*),*,2001-01-16,2001-08-23,Hereward,0.007,4.950,2.840,2.279,0.545,95.889,13.156,*
2002,14,N4PK*(Mg*),nil,*,N4,192.000,2002-04-24,*,*,*,*,192,P,2001-09-12,K*,2001-09-12,(Mg*),*,2001-09-28,2002-08-14,Hereward,0.006,5.440,2.370,1.950,0.540,90.168,10.878,*
2003,14,N4PK*(Mg*),nil,*,N4,192.000,2003-04-15,*,*,*,*,192,P,2002-10-01,K*,2002-10-01,(Mg*),*,2002-10-04,2003-08-05,Hereward,0.006,7.000,2.880,2.370,0.460,141.015,11.261,*
2004,14,N4PK*(Mg*),nil,*,N4,192.000,2004-05-07,*,*,*,*,192,P,2003-09-23,K*,2003-09-23,(Mg*),*,2003-09-30,2004-09-02,Hereward,0.006,5.170,2.010,2.520,0.550,110.741,9.397,*
2005,14,N4PK*(Mg*),nil,*,N4,192.000,2005-04-14,*,*,*,*,192,P,2004-10-13,K*,2004-10-13,(Mg*),*,2004-11-05,2005-08-10,Hereward,0.006,7.040,2.850,2.070,0.460,123.869,11.143,*
2006,14,N4PK*(Mg*),nil,*,N4,192.000,2006-04-20,*,*,*,*,192,P,2005-09-28,K*,2005-09-28,(Mg*),*,2005-10-11,2006-08-23,Hereward,0.006,7.520,3.340,2.210,0.430,141.263,12.208,*
2007,14,N4PK*(Mg*),nil,*,N4,192.000,2007-04-24,*,*,*,*,192,P,2006-10-09,K*,2006-10-09,(Mg*),*,2006-11-01,2007-08-26,Hereward,0.006,4.310,0.920,2.220,0.750,81.330,5.865,*
2008,14,N4PK*(Mg*),nil,*,N4,192.000,2008-04-17,*,*,*,*,192,P,2007-10-01,K*,2007-10-01,(Mg*),*,2007-10-15,2008-08-26,Hereward,0.006,7.740,3.160,2.110,0.505,138.817,13.564,*
2009,14,N4PK*(Mg*),nil,*,N4,192.000,2009-04-21,*,*,*,*,192,P,2008-09-29,K*,2008-09-29,(Mg*),*,2008-10-17,2009-08-14,Hereward,0.006,3.660,1.760,2.622,0.730,81.570,10.921,*
2010,14,N4PK*(Mg*),nil,*,N4,192.000,2010-04-20,*,*,*,*,192,P,2009-09-14,K*,2009-09-14,(Mg*),*,2009-10-13,2010-08-31,Hereward,0.006,6.600,3.060,2.271,0.439,127.403,11.418,*
2011,14,N4PK*(Mg*),nil,*,N4,192.000,2011-04-13,*,*,*,*,192,P,2010-10-07,K*,2010-10-07,(Mg*),*,2010-10-19,2011-08-15,Hereward,0.006,5.330,2.040,2.769,0.713,125.450,12.363,*
2012,14,N4PK*(Mg*),nil,*,N4,192.000,2012-04-17,*,*,*,*,192,P,2011-09-27,K*,2011-09-27,(Mg*),*,2011-10-11,2012-08-20,Hereward,0.006,6.150,3.180,2.042,0.720,106.746,19.462,*
2013,14,N4PK*(Mg*),nil,*,N4,192.000,2013-04-24,*,*,*,*,192,P,2012-09-28,K*,2012-09-28,(Mg*),*,2013-02-22,2013-08-29,Crusoe,0.006,6.560,2.150,2.133,0.398,118.936,7.273,*
2014,14,N4PK*(Mg*),nil,*,N4,192.000,2014-04-03,*,*,*,*,192,P,2013-09-30,K*,2013-09-30,(Mg*),*,2013-10-18,2014-08-20,Crusoe,0.006,5.480,3.200,2.105,0.659,98.051,17.925,*
2015,14,N4PK*(Mg*),nil,*,N4,192.000,2015-04-17,*,*,*,*,192,P,2014-10-02,K*,2014-10-02,(Mg*),*,2015-03-09,2015-09-26,Mulika,0.006,7.010,2.910,2.348,0.540,139.906,13.357,3
2001,15,N5(P)KMg,nil,*,N5,240.000,2001-05-04,*,*,*,*,240,(P),*,K,2000-10-04,Mg,2000-10-04,2001-01-16,2001-08-23,Hereward,0.007,4.950,2.800,2.507,0.741,105.482,17.636,*
2002,15,N5(P)KMg,nil,*,N5,240.000,2002-04-24,*,*,*,*,240,(P),*,K,2001-09-12,Mg,2001-09-12,2001-09-28,2002-08-14,Hereward,0.006,4.020,2.050,2.360,0.680,80.641,11.849,*
2003,15,N5(P)KMg,nil,*,N5,240.000,2003-04-15,*,*,*,*,240,(P),*,K,2002-10-01,Mg,2002-10-01,2002-10-04,2003-08-05,Hereward,0.006,7.720,3.330,2.540,0.580,166.675,16.417,*
2004,15,N5(P)KMg,nil,*,N5,240.000,2004-05-07,*,*,*,*,240,(P),*,K,2003-09-23,Mg,2003-09-23,2003-09-30,2004-09-02,Hereward,0.006,3.430,1.380,2.780,0.600,81.051,7.038,*
2005,15,N5(P)KMg,nil,*,N5,240.000,2005-04-14,*,*,*,*,240,(P),*,K,2004-10-13,Mg,2004-10-13,2004-11-05,2005-08-10,Hereward,0.006,7.140,2.270,2.460,0.570,149.297,10.998,*
2006,15,N5(P)KMg,nil,*,N5,240.000,2006-04-20,*,*,*,*,240,(P),*,K,2005-09-28,Mg,2005-09-28,2005-10-11,2006-08-23,Hereward,0.006,7.460,3.770,2.510,0.640,159.159,20.509,*
2007,15,N5(P)KMg,nil,*,N5,240.000,2007-04-24,*,*,*,*,240,(P),*,K,2006-10-09,Mg,2006-10-09,2006-11-01,2007-08-26,Hereward,0.006,3.910,1.190,2.410,0.740,80.096,7.485,*
2008,15,N5(P)KMg,nil,*,N5,240.000,2008-04-17,*,*,*,*,240,(P),*,K,2007-10-01,Mg,2007-10-01,2007-10-15,2008-08-26,Hereward,0.006,7.650,3.830,2.373,0.634,154.304,20.640,*
2009,15,N5(P)KMg,nil,*,N5,240.000,2009-04-21,*,*,*,*,240,(P),*,K,2008-09-29,Mg,2008-09-29,2008-10-17,2009-08-14,Hereward,0.006,4.640,2.640,2.848,0.574,112.325,12.881,*
2010,15,N5(P)KMg,nil,*,N5,240.000,2010-04-20,*,*,*,*,240,(P),*,K,2009-09-14,Mg,2009-09-14,2009-10-13,2010-08-31,Hereward,0.006,6.550,3.060,2.697,0.557,150.155,14.488,*
2011,15,N5(P)KMg,nil,*,N5,240.000,2011-04-13,*,*,*,*,240,(P),*,K,2010-10-07,Mg,2010-10-07,2010-10-19,2011-08-15,Hereward,0.006,5.150,2.080,2.910,0.729,127.385,12.889,*
2012,15,N5(P)KMg,nil,*,N5,240.000,2012-04-17,*,*,*,*,240,(P),*,K,2011-09-27,Mg,2011-09-27,2011-10-11,2012-08-20,Hereward,0.006,7.120,4.560,2.218,0.795,134.233,30.814,*
2013,15,N5(P)KMg,nil,*,N5,240.000,2013-04-24,*,*,*,*,240,(P),*,K,2012-09-28,Mg,2012-09-28,2013-02-22,2013-08-29,Crusoe,0.006,6.760,2.980,2.244,0.588,128.940,14.894,*
2014,15,N5(P)KMg,nil,*,N5,240.000,2014-04-03,*,*,*,*,240,(P),*,K,2013-09-30,Mg,2013-09-30,2013-10-18,2014-08-20,Crusoe,0.006,8.120,4.660,2.213,0.498,152.741,19.726,*
2015,15,N5(P)KMg,nil,*,N5,240.000,2015-04-17,*,*,*,*,240,(P),*,K,2014-10-02,Mg,2014-10-02,2015-03-09,2015-09-26,Mulika,0.006,5.810,2.760,2.428,0.603,119.907,14.146,3
2001,16,N6(P)KMg,nil,*,N6,288.000,2001-05-04,*,*,*,*,288,(P),*,K,2000-10-04,Mg,2000-10-04,2001-01-16,2001-08-23,Hereward,0.007,5.170,3.180,2.543,0.828,111.752,22.381,*
2002,16,N6(P)KMg,nil,*,N6,288.000,2002-04-24,*,*,*,*,288,(P),*,K,2001-09-12,Mg,2001-09-12,2001-09-28,2002-08-14,Hereward,0.006,7.150,2.990,2.220,0.740,134.921,18.807,*
2003,16,N6(P)KMg,nil,*,N6,288.000,2003-04-15,*,*,*,*,288,(P),*,K,2002-10-01,Mg,2002-10-01,2002-10-04,2003-08-05,Hereward,0.006,6.940,2.860,2.520,0.600,148.655,14.586,*
2004,16,N6(P)KMg,nil,*,N6,288.000,2004-05-07,*,*,*,*,288,(P),*,K,2003-09-23,Mg,2003-09-23,2003-09-30,2004-09-02,Hereward,0.006,6.430,2.730,2.710,0.710,148.115,16.476,*
2005,16,N6(P)KMg,nil,*,N6,288.000,2005-04-14,*,*,*,*,288,(P),*,K,2004-10-13,Mg,2004-10-13,2004-11-05,2005-08-10,Hereward,0.006,7.410,3.560,2.500,0.680,157.463,20.577,*
2006,16,N6(P)KMg,nil,*,N6,288.000,2006-04-20,*,*,*,*,288,(P),*,K,2005-09-28,Mg,2005-09-28,2005-10-11,2006-08-23,Hereward,0.006,8.150,4.370,2.580,0.800,178.730,29.716,*
2007,16,N6(P)KMg,nil,*,N6,288.000,2007-04-24,*,*,*,*,288,(P),*,K,2006-10-09,Mg,2006-10-09,2006-11-01,2007-08-26,Hereward,0.006,5.290,1.600,2.560,0.880,115.110,11.968,*
2008,16,N6(P)KMg,nil,*,N6,288.000,2008-04-17,*,*,*,*,288,(P),*,K,2007-10-01,Mg,2007-10-01,2007-10-15,2008-08-26,Hereward,0.006,8.290,4.140,2.345,0.676,165.240,23.788,*
2009,16,N6(P)KMg,nil,*,N6,288.000,2009-04-21,*,*,*,*,288,(P),*,K,2008-09-29,Mg,2008-09-29,2008-10-17,2009-08-14,Hereward,0.006,4.530,2.650,2.781,0.606,107.082,13.650,*
2010,16,N6(P)KMg,nil,*,N6,288.000,2010-04-20,*,*,*,*,288,(P),*,K,2009-09-14,Mg,2009-09-14,2009-10-13,2010-08-31,Hereward,0.006,6.860,3.290,2.616,0.522,152.539,14.598,*
2011,16,N6(P)KMg,nil,*,N6,288.000,2011-04-13,*,*,*,*,288,(P),*,K,2010-10-07,Mg,2010-10-07,2010-10-19,2011-08-15,Hereward,0.006,5.300,2.270,2.873,0.725,129.429,13.989,*
2012,16,N6(P)KMg,nil,*,N6,288.000,2012-04-17,*,*,*,*,288,(P),*,K,2011-09-27,Mg,2011-09-27,2011-10-11,2012-08-20,Hereward,0.006,7.060,4.410,2.454,1.056,147.265,39.584,*
2013,16,N6(P)KMg,nil,*,N6,288.000,2013-04-24,*,*,*,*,288,(P),*,K,2012-09-28,Mg,2012-09-28,2013-02-22,2013-08-29,Crusoe,0.006,6.560,2.190,2.357,0.602,131.426,11.206,*
2014,16,N6(P)KMg,nil,*,N6,288.000,2014-04-03,*,*,*,*,288,(P),*,K,2013-09-30,Mg,2013-09-30,2013-10-18,2014-08-20,Crusoe,0.006,7.650,4.880,2.434,0.574,158.271,23.810,*
2015,16,N6(P)KMg,nil,*,N6,288.000,2015-04-17,*,*,*,*,288,(P),*,K,2014-10-02,Mg,2014-10-02,2015-03-09,2015-09-26,Mulika,0.006,5.450,2.930,2.579,0.681,119.472,16.960,3
2001,17,N1+4+1PKMg,nil,*,N1+N4+N1,48.000,2001-03-26,192.000,2001-05-04,48.000,2001-05-31,288,P,2000-10-04,K,2000-10-04,Mg,2000-10-04,2001-01-16,2001-08-23,Hereward,0.007,5.390,4.110,2.434,0.664,111.514,23.197,*
2002,17,N1+4+1PKMg,nil,*,N1+N4+N1,48.000,2002-03-26,192.000,2002-04-24,48.000,2002-05-23,288,P,2001-09-12,K,2001-09-12,Mg,2001-09-12,2001-09-28,2002-08-14,Hereward,0.006,6.120,3.670,2.180,0.590,113.404,18.405,*
2003,17,N1+4+1PKMg,nil,*,N1+N4+N1,48.000,2003-03-12,192.000,2003-04-15,48.000,2003-05-07,288,P,2002-10-01,K,2002-10-01,Mg,2002-10-01,2002-10-04,2003-08-05,Hereward,0.006,6.620,2.360,2.480,0.500,139.550,10.030,*
2004,17,N1+4+1PKMg,nil,*,N1+N4+N1,48.000,2004-03-17,192.000,2004-05-07,48.000,2004-05-25,288,P,2003-09-23,K,2003-09-23,Mg,2003-09-23,2003-09-30,2004-09-02,Hereward,0.006,6.060,3.440,2.600,0.730,133.926,21.345,*
2005,17,N1+4+1PKMg,nil,*,N1+N4+N1,48.000,2005-03-07,192.000,2005-04-14,48.000,2005-05-10,288,P,2004-10-13,K,2004-10-13,Mg,2004-10-13,2004-11-05,2005-08-10,Hereward,0.006,7.130,3.320,2.440,0.580,147.876,16.368,*
2006,17,N1+4+1PKMg,nil,*,N1+N4+N1,48.000,2006-03-13,192.000,2006-04-20,48.000,2006-05-17,288,P,2005-09-28,K,2005-09-28,Mg,2005-09-28,2005-10-11,2006-08-23,Hereward,0.006,7.340,4.060,2.580,0.680,160.966,23.467,*
2007,17,N1+4+1PKMg,nil,*,N1+N4+N1,48.000,2007-03-14,192.000,2007-04-24,48.000,2007-05-22,288,P,2006-10-09,K,2006-10-09,Mg,2006-10-09,2006-11-01,2007-08-26,Hereward,0.006,5.160,1.390,2.660,0.910,116.668,10.752,*
2008,17,N1+4+1PKMg,nil,*,N1+N4+N1,48.000,2008-03-18,192.000,2008-04-17,48.000,2008-05-15,288,P,2007-10-01,K,2007-10-01,Mg,2007-10-01,2007-10-15,2008-08-26,Hereward,0.006,7.870,3.830,2.392,0.646,160.013,21.031,*
2009,17,N1+4+1PKMg,nil,*,N1+N4+N1,48.000,2009-03-09,192.000,2009-04-21,48.000,2009-05-13,288,P,2008-09-29,K,2008-09-29,Mg,2008-09-29,2008-10-17,2009-08-14,Hereward,0.006,4.760,2.940,2.690,0.597,108.837,14.919,*
2010,17,N1+4+1PKMg,nil,*,N1+N4+N1,48.000,2010-03-19,192.000,2010-04-20,48.000,2010-05-17,288,P,2009-09-14,K,2009-09-14,Mg,2009-09-14,2009-10-13,2010-08-31,Hereward,0.006,6.600,3.560,2.537,0.542,142.326,16.401,*
2011,17,N1+4+1PKMg,nil,*,N1+N4+N1,48.000,2011-03-15,192.000,2011-04-13,48.000,2011-05-12,288,P,2010-10-07,K,2010-10-07,Mg,2010-10-07,2010-10-19,2011-08-15,Hereward,0.006,5.380,2.140,2.787,0.707,127.450,12.860,*
2012,17,N1+4+1PKMg,nil,*,N1+N4+N1,48.000,2012-03-15,192.000,2012-04-17,48.000,2012-05-22,288,P,2011-09-27,K,2011-09-27,Mg,2011-09-27,2011-10-11,2012-08-20,Hereward,0.006,6.760,4.620,2.441,1.034,140.260,40.605,*
2013,17,N1+4+1PKMg,nil,*,N1+N4+N1,48.000,2013-03-12,192.000,2013-04-24,48.000,2013-05-21,288,P,2012-09-28,K,2012-09-28,Mg,2012-09-28,2013-02-22,2013-08-29,Crusoe,0.006,6.720,3.200,2.375,0.539,135.660,14.661,*
2014,17,N1+4+1PKMg,nil,*,N1+N4+N1,48.000,2014-03-10,192.000,2014-04-03,48.000,2014-05-20,288,P,2013-09-30,K,2013-09-30,Mg,2013-09-30,2013-10-18,2014-08-20,Crusoe,0.006,8.190,4.600,2.419,0.536,168.399,20.958,*
2015,17,N1+4+1PKMg,nil,*,N1+N4+N1,48.000,2015-04-09,192.000,2015-04-17,48.000,2015-05-08,288,P,2014-10-02,K,2014-10-02,Mg,2014-10-02,2015-03-09,2015-09-26,Mulika,0.006,6.630,3.290,2.609,0.755,147.030,21.114,3
2001,18,N1+2+1PKMg,nil,*,N1+N2+N1,48.000,2001-03-26,96.000,2001-05-04,48.000,2001-05-31,192,P,2000-10-04,K,2000-10-04,Mg,2000-10-04,2001-01-16,2001-08-23,Hereward,0.007,4.930,3.840,2.313,0.490,96.926,15.994,*
2002,18,N1+2+1PKMg,nil,*,N1+N2+N1,48.000,2002-03-26,96.000,2002-04-24,48.000,2002-05-23,192,P,2001-09-12,K,2001-09-12,Mg,2001-09-12,2001-09-28,2002-08-14,Hereward,0.006,3.890,1.820,2.040,0.590,67.453,9.127,*
2003,18,N1+2+1PKMg,nil,*,N1+N2+N1,48.000,2003-03-12,96.000,2003-04-15,48.000,2003-05-07,192,P,2002-10-01,K,2002-10-01,Mg,2002-10-01,2002-10-04,2003-08-05,Hereward,0.006,5.730,1.960,2.400,0.460,116.892,7.664,*
2004,18,N1+2+1PKMg,nil,*,N1+N2+N1,48.000,2004-03-17,96.000,2004-05-07,48.000,2004-05-25,192,P,2003-09-23,K,2003-09-23,Mg,2003-09-23,2003-09-30,2004-09-02,Hereward,0.006,5.270,2.830,2.510,0.680,112.435,16.357,*
2005,18,N1+2+1PKMg,nil,*,N1+N2+N1,48.000,2005-03-07,96.000,2005-04-14,48.000,2005-05-10,192,P,2004-10-13,K,2004-10-13,Mg,2004-10-13,2004-11-05,2005-08-10,Hereward,0.006,6.030,2.850,2.080,0.460,106.610,11.143,*
2006,18,N1+2+1PKMg,nil,*,N1+N2+N1,48.000,2006-03-13,96.000,2006-04-20,48.000,2006-05-17,192,P,2005-09-28,K,2005-09-28,Mg,2005-09-28,2005-10-11,2006-08-23,Hereward,0.006,6.690,3.430,2.180,0.420,123.966,12.245,*
2007,18,N1+2+1PKMg,nil,*,N1+N2+N1,48.000,2007-03-14,96.000,2007-04-24,48.000,2007-05-22,192,P,2006-10-09,K,2006-10-09,Mg,2006-10-09,2006-11-01,2007-08-26,Hereward,0.006,3.770,1.040,2.480,0.790,79.472,6.984,*
2008,18,N1+2+1PKMg,nil,*,N1+N2+N1,48.000,2008-03-18,96.000,2008-04-17,48.000,2008-05-15,192,P,2007-10-01,K,2007-10-01,Mg,2007-10-01,2007-10-15,2008-08-26,Hereward,0.006,7.060,4.070,2.128,0.491,127.701,16.986,*
2009,18,N1+2+1PKMg,nil,*,N1+N2+N1,48.000,2009-03-09,96.000,2009-04-21,48.000,2009-05-13,192,P,2008-09-29,K,2008-09-29,Mg,2008-09-29,2008-10-17,2009-08-14,Hereward,0.006,3.620,2.250,2.556,0.562,78.648,10.748,*
2010,18,N1+2+1PKMg,nil,*,N1+N2+N1,48.000,2010-03-19,96.000,2010-04-20,48.000,2010-05-17,192,P,2009-09-14,K,2009-09-14,Mg,2009-09-14,2009-10-13,2010-08-31,Hereward,0.006,6.150,3.280,2.321,0.489,121.330,13.633,*
2011,18,N1+2+1PKMg,nil,*,N1+N2+N1,48.000,2011-03-15,96.000,2011-04-13,48.000,2011-05-12,192,P,2010-10-07,K,2010-10-07,Mg,2010-10-07,2010-10-19,2011-08-15,Hereward,0.006,4.720,1.940,2.736,0.554,109.768,9.135,*
2012,18,N1+2+1PKMg,nil,*,N1+N2+N1,48.000,2012-03-15,96.000,2012-04-17,48.000,2012-05-22,192,P,2011-09-27,K,2011-09-27,Mg,2011-09-27,2011-10-11,2012-08-20,Hereward,0.006,6.620,4.000,2.200,0.763,123.794,25.942,*
2013,18,N1+2+1PKMg,nil,*,N1+N2+N1,48.000,2013-03-12,96.000,2013-04-24,48.000,2013-05-21,192,P,2012-09-28,K,2012-09-28,Mg,2012-09-28,2013-02-22,2013-08-29,Crusoe,0.006,6.580,2.840,2.079,0.473,116.278,11.418,*
2014,18,N1+2+1PKMg,nil,*,N1+N2+N1,48.000,2014-03-10,96.000,2014-04-03,48.000,2014-05-20,192,P,2013-09-30,K,2013-09-30,Mg,2013-09-30,2013-10-18,2014-08-20,Crusoe,0.006,6.020,3.860,2.188,0.500,111.960,16.405,*
2015,18,N1+2+1PKMg,nil,*,N1+N2+N1,48.000,2015-04-09,96.000,2015-04-17,48.000,2015-05-08,192,P,2014-10-02,K,2014-10-02,Mg,2014-10-02,2015-03-09,2015-09-26,Mulika,0.006,6.790,3.670,2.389,0.505,137.881,15.753,3
2001,19,N1+1+1KMg,nil,*,N1+N1+N1,48.000,2001-03-26,48.000,2001-05-04,48.000,2001-05-31,144,nil,*,K,2000-10-04,Mg,2000-10-04,2001-01-16,2001-08-23,Hereward,0.007,4.460,2.840,2.190,0.397,83.023,9.584,*
2002,19,N1+1+1KMg,nil,*,N1+N1+N1,48.000,2002-03-26,48.000,2002-04-24,48.000,2002-05-23,144,nil,*,K,2001-09-12,Mg,2001-09-12,2001-09-28,2002-08-14,Hereward,0.006,2.550,2.030,1.860,0.700,40.316,12.078,*
2003,19,N1+1+1KMg,nil,*,N1+N1+N1,48.000,2003-03-12,48.000,2003-04-15,48.000,2003-05-07,144,nil,*,K,2002-10-01,Mg,2002-10-01,2002-10-04,2003-08-05,Hereward,0.006,5.500,2.160,2.230,0.410,104.252,7.528,*
2004,19,N1+1+1KMg,nil,*,N1+N1+N1,48.000,2004-03-17,48.000,2004-05-07,48.000,2004-05-25,144,nil,*,K,2003-09-23,Mg,2003-09-23,2003-09-30,2004-09-02,Hereward,0.006,4.030,2.720,2.220,0.540,76.046,12.485,*
2005,19,N1+1+1KMg,nil,*,N1+N1+N1,48.000,2005-03-07,48.000,2005-04-14,48.000,2005-05-10,144,nil,*,K,2004-10-13,Mg,2004-10-13,2004-11-05,2005-08-10,Hereward,0.006,5.470,2.550,1.790,0.360,83.226,7.803,*
2006,19,N1+1+1KMg,nil,*,N1+N1+N1,48.000,2006-03-13,48.000,2006-04-20,48.000,2006-05-17,144,nil,*,K,2005-09-28,Mg,2005-09-28,2005-10-11,2006-08-23,Hereward,0.006,6.320,3.050,1.980,0.410,106.366,10.629,*
2007,19,N1+1+1KMg,nil,*,N1+N1+N1,48.000,2007-03-14,48.000,2007-04-24,48.000,2007-05-22,144,nil,*,K,2006-10-09,Mg,2006-10-09,2006-11-01,2007-08-26,Hereward,0.006,3.910,1.150,2.240,0.610,74.446,5.963,*
2008,19,N1+1+1KMg,nil,*,N1+N1+N1,48.000,2008-03-18,48.000,2008-04-17,48.000,2008-05-15,144,nil,*,K,2007-10-01,Mg,2007-10-01,2007-10-15,2008-08-26,Hereward,0.006,6.500,2.740,2.017,0.435,111.439,10.131,*
2009,19,N1+1+1KMg,nil,*,N1+N1+N1,48.000,2009-03-09,48.000,2009-04-21,48.000,2009-05-13,144,nil,*,K,2008-09-29,Mg,2008-09-29,2008-10-17,2009-08-14,Hereward,0.006,3.270,2.900,2.479,0.502,68.904,12.374,*
2010,19,N1+1+1KMg,nil,*,N1+N1+N1,48.000,2010-03-19,48.000,2010-04-20,48.000,2010-05-17,144,nil,*,K,2009-09-14,Mg,2009-09-14,2009-10-13,2010-08-31,Hereward,0.006,4.570,2.490,2.234,0.413,86.780,8.741,*
2011,19,N1+1+1KMg,nil,*,N1+N1+N1,48.000,2011-03-15,48.000,2011-04-13,48.000,2011-05-12,144,nil,*,K,2010-10-07,Mg,2010-10-07,2010-10-19,2011-08-15,Hereward,0.006,3.960,1.930,2.627,0.526,88.425,8.629,*
2012,19,N1+1+1KMg,nil,*,N1+N1+N1,48.000,2012-03-15,48.000,2012-04-17,48.000,2012-05-22,144,nil,*,K,2011-09-27,Mg,2011-09-27,2011-10-11,2012-08-20,Hereward,0.006,5.660,3.230,2.157,0.551,103.773,15.128,*
2013,19,N1+1+1KMg,nil,*,N1+N1+N1,48.000,2013-03-12,48.000,2013-04-24,48.000,2013-05-21,144,nil,*,K,2012-09-28,Mg,2012-09-28,2013-02-22,2013-08-29,Crusoe,0.006,4.940,2.130,2.192,0.462,92.042,8.365,*
2014,19,N1+1+1KMg,nil,*,N1+N1+N1,48.000,2014-03-10,48.000,2014-04-03,48.000,2014-05-20,144,nil,*,K,2013-09-30,Mg,2013-09-30,2013-10-18,2014-08-20,Crusoe,0.006,5.330,3.620,2.058,0.413,93.238,12.708,*
2015,19,N1+1+1KMg,nil,*,N1+N1+N1,48.000,2015-04-09,48.000,2015-04-17,48.000,2015-05-08,144,nil,*,K,2014-10-02,Mg,2014-10-02,2015-03-09,2015-09-26,Mulika,0.006,5.910,2.700,2.410,0.493,121.066,11.314,3
2001,20,N4KMg,nil,*,N4,192.000,2001-05-04,*,*,*,*,192,nil,*,K,2000-10-04,Mg,2000-10-04,2001-01-16,2001-08-23,Hereward,0.007,1.300,0.970,2.719,0.657,30.045,5.417,*
2002,20,N4KMg,nil,*,N4,192.000,2002-04-24,*,*,*,*,192,nil,*,K,2001-09-12,Mg,2001-09-12,2001-09-28,2002-08-14,Hereward,0.006,0.140,0.090,2.340,0.860,2.785,0.658,*
2003,20,N4KMg,nil,*,N4,192.000,2003-04-15,*,*,*,*,192,nil,*,K,2002-10-01,Mg,2002-10-01,2002-10-04,2003-08-05,Hereward,0.006,2.870,1.140,2.220,0.430,54.157,4.167,*
2004,20,N4KMg,nil,*,N4,192.000,2004-05-07,*,*,*,*,192,nil,*,K,2003-09-23,Mg,2003-09-23,2003-09-30,2004-09-02,Hereward,0.006,1.860,0.480,2.320,0.470,36.679,1.918,*
2005,20,N4KMg,nil,*,N4,192.000,2005-04-14,*,*,*,*,192,nil,*,K,2004-10-13,Mg,2004-10-13,2004-11-05,2005-08-10,Hereward,0.006,1.630,0.380,2.250,0.500,31.174,1.615,*
2006,20,N4KMg,nil,*,N4,192.000,2006-04-20,*,*,*,*,192,nil,*,K,2005-09-28,Mg,2005-09-28,2005-10-11,2006-08-23,Hereward,0.006,1.170,0.460,2.340,0.500,23.271,1.955,*
2007,20,N4KMg,nil,*,N4,192.000,2007-04-24,*,*,*,*,192,nil,*,K,2006-10-09,Mg,2006-10-09,2006-11-01,2007-08-26,Hereward,0.006,0.410,0.020,2.510,0.670,8.747,0.114,*
2008,20,N4KMg,nil,*,N4,192.000,2008-04-17,*,*,*,*,192,nil,*,K,2007-10-01,Mg,2007-10-01,2007-10-15,2008-08-26,Hereward,0.006,0.820,0.370,2.406,0.609,16.770,1.915,*
2009,20,N4KMg,nil,*,N4,192.000,2009-04-21,*,*,*,*,192,nil,*,K,2008-09-29,Mg,2008-09-29,2008-10-17,2009-08-14,Hereward,0.006,0.680,0.360,2.252,0.582,13.017,1.781,*
2010,20,N4KMg,nil,*,N4,192.000,2010-04-20,*,*,*,*,192,nil,*,K,2009-09-14,Mg,2009-09-14,2009-10-13,2010-08-31,Hereward,0.006,0.660,0.220,2.422,0.572,13.587,1.070,*
2011,20,N4KMg,nil,*,N4,192.000,2011-04-13,*,*,*,*,192,nil,*,K,2010-10-07,Mg,2010-10-07,2010-10-19,2011-08-15,Hereward,0.006,0.780,0.250,2.415,0.611,16.011,1.298,*
2012,20,N4KMg,nil,*,N4,192.000,2012-04-17,*,*,*,*,192,nil,*,K,2011-09-27,Mg,2011-09-27,2011-10-11,2012-08-20,Hereward,0.006,0.140,*,2.431,0.896,2.893,*,*
2013,20,N4KMg,nil,*,N4,192.000,2013-04-24,*,*,*,*,192,nil,*,K,2012-09-28,Mg,2012-09-28,2013-02-22,2013-08-29,Crusoe,0.006,1.070,0.130,2.413,0.614,21.946,0.678,*
2014,20,N4KMg,nil,*,N4,192.000,2014-04-03,*,*,*,*,192,nil,*,K,2013-09-30,Mg,2013-09-30,2013-10-18,2014-08-20,Crusoe,0.006,1.020,0.970,2.276,0.613,19.733,5.054,*
2015,20,N4KMg,nil,*,N4,192.000,2015-04-17,*,*,*,*,192,nil,*,K,2014-10-02,Mg,2014-10-02,2015-03-09,2015-09-26,Mulika,0.006,1.240,0.540,2.779,0.602,29.291,2.763,3
