description,years,treatment_factor,treatment_factor_rdfType,factor_level_name,frequency,total_amount,total_amount_unit,treatment_form,treatment_form_rdfType
"No lime applied, 1962-1996.  Soil pH approximately 4.5",1962-1996,pH exposure,http://purl.obolibrary.org/obo/PECO_0007171,0,none,0.0,t CaCO3 ha-1 ,Ground limestone/chalk,http://aims.fao.org/aos/agrovoc/c_4342
"Factor level shows total lime applied, 1962-1996. Applied five times,  March 1962- December 1986. Soil pH approximately 5.5 ",1962-1996,pH exposure,http://purl.obolibrary.org/obo/PECO_0007171,L,irregular,15.0,t CaCO3 ha-1 ,Ground limestone/chalk,http://aims.fao.org/aos/agrovoc/c_4342
"Factor level shows total lime applied, 1962-1996. Applied five times, March 1962- December 1986. Soil pH approximately 6.5",1962-1996,pH exposure,http://purl.obolibrary.org/obo/PECO_0007171,M ,irregular,24.5,t CaCO3 ha-1 ,Ground limestone/chalk,http://aims.fao.org/aos/agrovoc/c_4342
"Factor level shows total lime applied, 1962-1996. Applied six times, March 1962- December 1986. Soil pH approximately 7.5 ",1962-1996,pH exposure,http://purl.obolibrary.org/obo/PECO_0007171,H,irregular,52.5,t CaCO3 ha-1 ,Ground limestone/chalk,http://aims.fao.org/aos/agrovoc/c_4342
