description,rotation_type,factor_level_code,sub_plot_treatment,alternative_code,years,treatment_factor,treatment_factor_rdfType,frequency
"Continuous rotation, 3 years grazed ley-arable treatment crops followed by 3 years arable test crops",3 year grazed ley-arable,L,,,1949 - 1966,crop rotation,http://aims.fao.org/aos/agrovoc/c_6662 ,6 year cycle
"Continuous rotation, 3 years cut grass/clover ley-arable treatment crops followed by 3 years arable test crops",3 year cut ley-arable,Cg,,,1949 - 1966,crop rotation,http://aims.fao.org/aos/agrovoc/c_6662 ,6 year cycle
"Continuous rotation, 3 years arable treatment crops followed by 3 years arable test crops",3 year arable,A,,,1949 - present,crop rotation,http://aims.fao.org/aos/agrovoc/c_6662 ,6 year cycle
"Continuous rotation, 3 years lucerne ley treatment crops followed by 3 years arable test crops",3 year lucerne ley arable,Lu,,,1949 - 1990,crop rotation,http://aims.fao.org/aos/agrovoc/c_6662 ,6 year cycle
"(Replaced Cg) Continuous rotation, 3 years grass ley treatment crops followed by 3 years arable test crops",3 year all-grass ley-arable,Ln,,,1962 - 1990,crop rotation,http://aims.fao.org/aos/agrovoc/c_6662 ,6 year cycle
"(Replaced Ln) Continuous rotation, 3 years grass/clover ley treatment crops followed by 3 years arable test crops",3 year grass/clover ley arable,Lc(Ln),,,1991-2008,crop rotation,http://aims.fao.org/aos/agrovoc/c_6662 ,6 year cycle
"(Replaced L) Continuous rotation, 3 years grass/clover ley treatment crops followed by 3 years arable test crops",3 year grass/clover ley arable,Lc,,,1962 - 1990,crop rotation,http://aims.fao.org/aos/agrovoc/c_6662 ,6 year cycle
"(Replaced Lc) Continuous rotation, 3 years grass/clover ley treatment crops followed by 3 years arable test crops",3 year grass/clover ley arable,Lc(Lc),,Lc,1991-present,crop rotation,http://aims.fao.org/aos/agrovoc/c_6662 ,6 year cycle
"(Replaced Lu) Continuous rotation, 3 years glass/clover ley treatment crops followed by 3 years arable test crops",3 year grass/clover ley arable,Lc(Lu),,,1991-present,crop rotation,http://aims.fao.org/aos/agrovoc/c_6662 ,6 year cycle
"Grass reseeded at start of experiment. Grazed by sheep.  Divided into sub plots, testing grass/clover (c) vs grass with nitrogen (n) 1963-1990, then continued as Rc. ",reseeded permanent grass,R,,"Rh, RS",1949 - 1964,crop rotation,http://aims.fao.org/aos/agrovoc/c_6662 ,Continuous
"Sub-plots of R. Grass reseeded at start of experiment, grass with nitrogen, cut for silage. Same cropping as c sub plot",reseeded permanent grass,Rn,n,,1963-1990,crop rotation,http://aims.fao.org/aos/agrovoc/c_6662 ,Continuous
"Sub-plots of R. Grass reseeded at start of experiment, grass/clover without nitrogen, cut for silage. Same cropping as n sub plot",reseeded permanent grass,Rc,c,,1963-1990,crop rotation,http://aims.fao.org/aos/agrovoc/c_6662 ,Continuous
"(Replaced Rn and Rc sub-plots, 1963-1990) Grass seeded at start of experiment, grass/clover cut for silage. ",reseeded permanent grass,Rc,,,1991-present,crop rotation,http://aims.fao.org/aos/agrovoc/c_6662 ,Continuous
"Grass seeded at start of experiment, ploughed up and converted to the arable with hay treatment 1963-1972 and then returned to permanent grass in 1973.",3 year arable,Rp,,(R) ,1963-1972,crop rotation,http://aims.fao.org/aos/agrovoc/c_6662 ,6 year cycle 1963-1972
"Grass seeded at start of experiment, ploughed up and converted to the arable with hay treatment 1963-1972 and then returned to permanent grass in 1973. Divided into sub plots, testing grass/clover (c) vs grass with nitrogen (n) 1973-1990. This sub plot grass with nitrogen. Cut for silage. Same croppping as c sub plot",reseeded permanent grass,Rpn,n,(R) ,1973 - 1990,crop rotation,http://aims.fao.org/aos/agrovoc/c_6662 ,"6 year cycle 1963-1972, Continuous after 1973"
"Grass seeded at start of experiment, ploughed up and converted to the arable with hay treatment 1963-1972 and then returned to permanent grass in 1973. Divided into sub plots, testing grass/clover (c) vs grass with nitrogen (n) 1973-1990. This sub plot grass/clover without nitrogen. Cut for silage. Same cropping as n sub plot ",reseeded permanent grass,Rpc,c,(R) ,1973 - 1990,crop rotation,http://aims.fao.org/aos/agrovoc/c_6662 ,"6 year cycle 1963-1972, Continuous after 1973"
"(Replaced Rpn and Rpc sub-plots, 1963-1990). Grass seeded at start of experiment, ploughed up and converted to the arable with hay treatment 1963-1972 and then returned to permanent grass in 1973, grass/clover without nitrogen. Cut for silage. ",reseeded permanent grass,Rpc,,(R) ,1991 - present,crop rotation,http://aims.fao.org/aos/agrovoc/c_6662 ,Continuous
Land kept in bare fallow,fallow,F,,,2009 - present,crop rotation,http://aims.fao.org/aos/agrovoc/c_6662 ,Continuous after 2009
Pre-experiment barley. Barley crop grown before the rotation treatments started. ,pre-treatment,B,,,1949-1950,,,
