description,factor_level_name,years,treatment_factor,treatment_factor_rdfType,amount,amount unit,frequency,treatment_form,treatment_form_rdfType
Factor level shows annual nitrogen fertilizer treatment,nil,1877-1926,nitrogen fertilizer exposure,,0,,,,
"Factor level shows annual nitrogen fertilizer treatment. From 1877 split into two equal amounts and applied in spring on two occasions. From 1882 N4 applied only on alternate years, see notes 1 and 2 which relate to plots 8 and 9.  From 1907 N4 treatment reduced to  N2. ",N4,1877-1906,nitrogen fertilizer exposure,http://purl.obolibrary.org/obo/PECO_0007102 ,92,kg N ha-1,annual,ammonium sulfate,http://aims.fao.org/aos/agrovoc/c_37197
Factor level shows annual nitrogen fertilizer treatment. From 1907 applied on alternate years to plots 8 and 9. From 1907 N2 treatment reduced to N1. ,N2,1877-1926,nitrogen fertilizer exposure,http://purl.obolibrary.org/obo/PECO_0007102 ,46,kg N ha-1,annual,ammonium sulfate,http://aims.fao.org/aos/agrovoc/c_37197
Factor level shows annual nitrogen fertilizer treatment. Previously applied as N2 1877-1906. ,N1,1907-1926,nitrogen fertilizer exposure,http://purl.obolibrary.org/obo/PECO_0007102 ,23,kg N ha-1,annual,ammonium sulfate,http://aims.fao.org/aos/agrovoc/c_37197
"Factor level shows annual nitrogen fertilizer treatment. From 1877 split into two equal amounts and applied in spring on two occasions. From 1882 N4 applied only on alternate years, see notes 1 and 2 which relate to plots 8 and 9.  From 1907 N4* treatment reduced to  N2*",N4*,1877-1906,nitrogen fertilizer exposure,http://purl.obolibrary.org/obo/PECO_0007102 ,92,kg N ha-1,annual,sodium nitrate,http://aims.fao.org/aos/agrovoc/c_37469
Factor level shows annual nitrogen fertilizer treatment. From 1907 applied on alternate years to plots 8 and 9. From 1907 N2* treatment reduced to N1*. ,N2*,1877-1926,nitrogen fertilizer exposure,http://purl.obolibrary.org/obo/PECO_0007102 ,46,kg N ha-1,annual,sodium nitrate,http://aims.fao.org/aos/agrovoc/c_37469
Factor level shows annual nitrogen fertilizer treatment. Previously applied as N2* 1877-1906. ,N1*,1907-1926,nitrogen fertilizer exposure,http://purl.obolibrary.org/obo/PECO_0007102 ,23,kg N ha-1,annual,sodium nitrate,http://aims.fao.org/aos/agrovoc/c_37469
