description,factor_level_name,years,treatment_factor,treatment_factor_rdfType,amount,amount unit,frequency,treatment_form,treatment_form_rdfType
Factor level shows potassium fertilizer treatment,nil,1852-2022,potassium nutrient exposure,,0,,,,
Factor level shows potassium fertilizer treatment. Applied in autumn usually to stubble of previous crop. Applied to all crops and in fallow years. ,K,1852-2022,potassium nutrient exposure,http://purl.obolibrary.org/obo/PECO_0007293,90,kg K ha-1,annual ,potassium sulphate,http://aims.fao.org/aos/agrovoc/c_6142
"Factor level shows potassium fertilizer treatment. Applied in autumn usually to stubble of previous crop. Applied to all crops and in fallow years, to strips 17 and 18. ",1/2 K,1968-2022,potassium nutrient exposure,http://purl.obolibrary.org/obo/PECO_0007293,45,kg K ha-1,annual ,potassium sulphate,http://aims.fao.org/aos/agrovoc/c_6142
"Factor level shows potassium fertilizer treatment. Applied in autumn usually to stubble of previous crop. Applied to all crops and in fallow years. 2001-2005, plus 450kg K in autumn 2000. ",K2,2001-2005,potassium nutrient exposure,http://purl.obolibrary.org/obo/PECO_0007293,180,kg K ha-1,annual ,potassium sulphate,http://aims.fao.org/aos/agrovoc/c_6142
Factor level shows potassium fertilizer treatment. Applied in autumn usually to stubble of previous crop. Applied to all crops and in fallow years. ,K*,2001-2022,potassium nutrient exposure,http://purl.obolibrary.org/obo/PECO_0007293,90,kg K ha-1,annual ,potassium chloride,http://aims.fao.org/aos/agrovoc/c_6140 
