{
  "resources": [
    {
      "path": "crop_types_data.csv",
      "name": "crop_types_data",
      "profile": "tabular-data-resource",
      "scheme": "file",
      "format": "csv",
      "hashing": "md5",
      "stats": {
        "hash": "edf5db380c43eb37e2b18acb69566ee8",
        "bytes": 5294,
        "fields": 7,
        "rows": 26
      },
      "encoding": "utf-8",
      "schema": {
        "fields": [
          {
            "name": "crop_name",
            "type": "string",
            "format": "default",
            "title": "Crop name",
            "rdfType": "http://schema.org/name",
            "description": "English name of crop type"
          },
          {
            "name": "latin_name",
            "type": "string",
            "format": "default",
            "title": "Latin name",
            "rdfType": "http://schema.org/name",
            "description": "Latin botanical name of crop type"
          },
          {
            "name": "crop_code",
            "type": "string",
            "format": "default",
            "title": "crop code",
            "rdfType": "http://schema.org/name",
            "description": "Code for each crop used in rotation"
          },
          {
            "name": "crop_name_rdftype",
            "type": "string",
            "format": "uri",
            "title": "Crop name rdfType",
            "rdfType": "https://schema.org/identifier",
            "description": "A controlled vocabulary URI for the crop type"
          },
          {
            "name": "description",
            "type": "string",
            "format": "default",
            "title": "description",
            "description": "General description of crop type and how used in the rotations"
          },
          {
            "name": "management",
            "type": "string",
            "format": "default",
            "title": "management",
            "description": "Management of this crop in the Woburn ley-arable experiment"
          },
          {
            "name": "years",
            "type": "string",
            "format": "default",
            "title": "years",
            "rdfType": "https://schema.org/Date",
            "description": "Range of years in which this crop was grown"
          }
        ],
        "missingValues": [
          ""
        ],
        "primaryKey": "crop_name"
      },
      "innerpath": "",
      "compression": "",
      "control": {},
      "dialect": {
        "delimiter": ",",
        "lineTerminator": "\r\n",
        "quoteChar": "\"",
        "doubleQuote": true,
        "skipInitialSpace": false
      },
      "layout": {
        "header": true,
        "headerRows": [
          1
        ],
        "headerJoin": " ",
        "headerCase": true
      },
      "title": "crop types description",
      "description": "Describes the different crops grown with Latin names and AGROVOC concepts if applicable."
    },
    {
      "path": "cropping_data.csv",
      "name": "cropping_data",
      "profile": "tabular-data-resource",
      "scheme": "file",
      "format": "csv",
      "hashing": "md5",
      "stats": {
        "hash": "40d1170b1f853e724469aff03d996578",
        "bytes": 756066,
        "fields": 13,
        "rows": 6640
      },
      "encoding": "utf-8",
      "schema": {
        "fields": [
          {
            "name": "year",
            "type": "year",
            "format": "YYYY",
            "bareNumber": true,
            "title": "Year",
            "rdfType": "https://schema.org/Date",
            "description": "Year in which the crop was grown and harvested. It may have been sown the previous year"
          },
          {
            "name": "block",
            "type": "integer",
            "format": "default",
            "bareNumber": true,
            "title": "block",
            "rdfType": "http://schema.org/name",
            "description": "The experiment is divided into 5 Blocks, 1-5. The different rotations were phased in, so that the first test crop following the various treatment crops were on Block 3 in 1941, Block 5 in 1942, Block 4 in 1943, Block 2 and 1944 and Block 1 in 1945."
          },
          {
            "name": "main_plot",
            "type": "integer",
            "format": "default",
            "bareNumber": true,
            "title": "main plot number",
            "rdfType": "http://purl.obolibrary.org/obo/STATO_0000447",
            "description": "The main plots (1-80) on each block which have different cropping. There are 8 pairs of main plots on each of 5 Blocks, a total of 40 pairs."
          },
          {
            "name": "fym_factor_level",
            "type": "string",
            "format": "default",
            "title": "FYM factor level",
            "rdfType": "http://schema.org/name",
            "description": "The plots are in pairs, eg 1 and 2, with FYM (farmyard manure, also called Dung, D) applied to one of each pair. See fym_factor_data for more information"
          },
          {
            "name": "rotation_type",
            "type": "string",
            "format": "default",
            "title": "rotation type",
            "rdfType": "http://schema.org/name",
            "description": "General description of crop rotation type - arable or ley-arable, alternating, 3 year or 8 year ley. Described in more detail in management_notes"
          },
          {
            "name": "rotation_factor_level",
            "type": "string",
            "format": "default",
            "title": "rotation factor level name",
            "rdfType": "http://purl.obolibrary.org/obo/AGRO_00000469",
            "description": "Code for crop rotation on this block, plot and year. See rotation_factor_data for more information"
          },
          {
            "name": "phase_number",
            "type": "number",
            "format": "default",
            "bareNumber": true,
            "title": "phase number of rotation",
            "rdfType": "http://schema.org/name",
            "description": "Phase of rotation. In five year rotation, Treatment crops are phases 1-3, Test crops are phases 4 and 5. In 10 year rotation, Treatment crops are phases 1-8, Test crops as phases 9 and 10. Initializing phase, before the rotations were phased in, shown as 0."
          },
          {
            "name": "test_or_treatment",
            "type": "string",
            "format": "default",
            "title": "test or treatment crop",
            "description": "Description of the different phases, whether a Test or Treatment crop. The first Treatment crops are phased in from 1938: Block 3 in 1938, Block 5 in 1939, Block 4 in 1940, etc. Crops sown 1938-1941 before the first Treatment crop are called initialising phase, eg barley in 1938, Block 5 as they are not full Test or Treatment crops."
          },
          {
            "name": "crop_name",
            "type": "string",
            "format": "default",
            "title": "crop name",
            "rdfType": "http://schema.org/name",
            "description": "Crop grown in that harvest year. See crop_types_data for more information"
          },
          {
            "name": "crop_code",
            "type": "string",
            "format": "default",
            "title": "crop code",
            "rdfType": "http://schema.org/name",
            "description": "Code for crop grown in that harvest year. See crop_types_data for more information"
          },
          {
            "name": "crop_variety",
            "type": "string",
            "format": "default",
            "title": "crop variety",
            "rdfType": "http://aims.fao.org/aos/agrovoc/c_8157",
            "description": "Variety (or cultivar) of crop grown in this harvest year."
          },
          {
            "name": "management_note_id",
            "type": "integer",
            "format": "default",
            "title": "management note identification",
            "description": "Note number refering to management notes sheet"
          },
          {
            "name": "note_id",
            "type": "integer",
            "format": "default",
            "title": "Note identification",
            "description": "Note number"
          }
        ],
        "missingValues": [
          ""
        ],
        "foreignKeys": [
          {
            "fields": "fym_factor_level",
            "reference": {
              "resource": "fym_factor_data",
              "fields": "factor_level_name"
            }
          },
          {
            "fields": "rotation_factor_level",
            "reference": {
              "resource": "rotation_factor_data",
              "fields": "factor_level_name"
            }
          },
          {
            "fields": "management_note_id",
            "reference": {
              "resource": "management_notes_data",
              "fields": "management_note_id"
            }
          },
          {
            "fields": "note_id",
            "reference": {
              "resource": "notes_data",
              "fields": "note_id"
            }
          }
        ]
      },
      "innerpath": "",
      "compression": "",
      "control": {},
      "dialect": {
        "delimiter": ",",
        "lineTerminator": "\r\n",
        "quoteChar": "\"",
        "doubleQuote": true,
        "skipInitialSpace": false
      },
      "layout": {
        "header": true,
        "headerRows": [
          1
        ],
        "headerJoin": " ",
        "headerCase": true
      },
      "title": "cropping data",
      "description": "The main data table with details of the rotations followed and crops grown in each plot and block each year. With the rotation and crop codes and crop varieties. The experiment was started in 1938 to test the effects of different rotations with and without leys (short-term herbage) on the yield of two arable Test crops. It is now an important resource for investigating long-term changes in soil organic matter due to different cropping systems. It consists of 80 main plots, divided over five blocks. Half the plots have been in four continuous five-year arable or ley-arable rotations since 1938: three years of Treatment crops followed by two arable Test crops. The Treatments were: Ah/AB/ABe (all arable rotation with 1-year hay or beans); Ar/AF/AM (arable rotation with roots or fallow or maize); L/Ln3 (3-year grazed ley then grass ley with fertilizer N); Lu/Lc3 (3-year legume then grass/clover ley). The other 40 plots were in alternating rotations from 1938 to the mid-1970s: a 20-year cycle of all four arable and ley-arable rotations. These were replaced by eight-year grass or grass/clover leys in the mid-1970s: LLn8 (8-year grass leys with fertilizer N, followed by two arable test crops); LLc8 (8-year grass/clover leys, followed by two arable test crops). The rotations are phased in over a five-year period in the five different blocks, so that each year of the five-year rotation is present each year.  The eight-year leys were also phased in, the first cycle starting 1973-77, the second cycle 1978-82. The four eight-year leys were stopped in 2007 and replaced with AO (continuous arable with oats); ABe (continuous arable with beans); Ln3 (three-year grass leys with nitrogen); Lc3 (three-year grass/clover leys). Refer to other pages for more information."
    },
    {
      "path": "fym_factor_data.csv",
      "name": "fym_factor_data",
      "profile": "tabular-data-resource",
      "scheme": "file",
      "format": "csv",
      "hashing": "md5",
      "stats": {
        "hash": "05401f3c35d86102978d4578a23cf699",
        "bytes": 891,
        "fields": 10,
        "rows": 2
      },
      "encoding": "utf-8",
      "schema": {
        "fields": [
          {
            "name": "description",
            "type": "string",
            "format": "default",
            "title": "Description",
            "description": "A description of the factor level"
          },
          {
            "name": "factor_level_name",
            "type": "string",
            "format": "default",
            "title": "Factor level name",
            "rdfType": "http://purl.obolibrary.org/obo/STATO_0000265",
            "description": "The name for a factor level"
          },
          {
            "name": "years",
            "type": "string",
            "format": "default",
            "title": "Years",
            "rdfType": "https://schema.org/Date",
            "description": "The harvest year range for when the factor level was used"
          },
          {
            "name": "treatment_factor",
            "type": "string",
            "format": "default",
            "title": "Treatment factor",
            "rdfType": "http://purl.obolibrary.org/obo/NCIT_C164385",
            "description": "The label for the treatment factor"
          },
          {
            "name": "treatment_factor_rdfType",
            "type": "string",
            "format": "uri",
            "title": "Treatment factor rdfType",
            "rdfType": "https://schema.org/identifier",
            "description": "A controlled vocabulary URI for the treatment factor"
          },
          {
            "name": "amount",
            "type": "number",
            "format": "default",
            "bareNumber": true,
            "decimalChar": ".",
            "groupChar": "",
            "title": "Amount",
            "rdfType": "https://schema.org/QuantitativeValue",
            "description": "Amount of FYM applied"
          },
          {
            "name": "amount unit",
            "type": "string",
            "format": "default",
            "title": "Amount unit",
            "rdfType": "https://schema.org/unitText",
            "description": "Units in which FYM was applied each year"
          },
          {
            "name": "frequency",
            "type": "string",
            "format": "default",
            "title": "Frequency",
            "rdfType": "https://schema.org/repeatFrequency",
            "description": "The frequency at which the factor level treatment was applied"
          },
          {
            "name": "treatment_form",
            "type": "string",
            "format": "default",
            "title": "Treatment form",
            "rdfType": "http://purl.obolibrary.org/obo/CHEBI_33287",
            "description": "The form in which the factor level treatment was applied"
          },
          {
            "name": "treatment_form_rdfType",
            "type": "string",
            "format": "uri",
            "title": "Treatment form rdfType",
            "rdfType": "https://schema.org/identifier",
            "description": "A controlled vocabulary URI for the treatment factor level form"
          }
        ],
        "missingValues": [
          ""
        ],
        "primaryKey": "factor_level_name"
      },
      "innerpath": "",
      "compression": "",
      "control": {},
      "dialect": {
        "delimiter": ",",
        "lineTerminator": "\r\n",
        "quoteChar": "\"",
        "doubleQuote": true,
        "skipInitialSpace": false
      },
      "layout": {
        "header": true,
        "headerRows": [
          1
        ],
        "headerJoin": " ",
        "headerCase": true
      },
      "title": "FYM treatment factor level description",
      "description": "Describes the FYM treatments applied, 1941-1967"
    },
    {
      "path": "management_notes_data.csv",
      "name": "management_notes_data",
      "profile": "tabular-data-resource",
      "scheme": "file",
      "format": "csv",
      "hashing": "md5",
      "stats": {
        "hash": "b1d08142e187afcd9fafcb47e11d6365",
        "bytes": 3548,
        "fields": 5,
        "rows": 10
      },
      "encoding": "utf-8",
      "schema": {
        "fields": [
          {
            "name": "management_note_id",
            "type": "integer",
            "format": "default",
            "bareNumber": true,
            "title": "Note identification",
            "description": "Note number"
          },
          {
            "name": "years",
            "type": "string",
            "format": "default",
            "title": "years",
            "rdfType": "https://schema.org/Date",
            "description": "Range of years for this rotation"
          },
          {
            "name": "rotation_code",
            "type": "string",
            "format": "default",
            "title": "Rotation code",
            "rdfType": "http://schema.org/name"
          },
          {
            "name": "description",
            "type": "string",
            "format": "default",
            "title": "Description",
            "description": "Additional explanatory notes for management of crop rotation for records in the cropping_data table"
          },
          {
            "name": "rdfType",
            "type": "string",
            "format": "uri",
            "title": "rdfType",
            "rdfType": "https://schema.org/identifier"
          }
        ],
        "missingValues": [
          ""
        ],
        "primaryKey": "management_note_id"
      },
      "innerpath": "",
      "compression": "",
      "control": {},
      "dialect": {
        "delimiter": ",",
        "lineTerminator": "\r\n",
        "quoteChar": "\"",
        "doubleQuote": true,
        "skipInitialSpace": false
      },
      "layout": {
        "header": true,
        "headerRows": [
          1
        ],
        "headerJoin": " ",
        "headerCase": true
      },
      "title": "management notes",
      "description": "Additional explanatory notes about the management of the different ley-arable rotations for records in the cropping_data table"
    },
    {
      "path": "notes_data.csv",
      "name": "notes_data",
      "profile": "tabular-data-resource",
      "scheme": "file",
      "format": "csv",
      "hashing": "md5",
      "stats": {
        "hash": "2cdfd264b71841a34bfb1cd0886ae144",
        "bytes": 1860,
        "fields": 2,
        "rows": 24
      },
      "encoding": "utf-8",
      "schema": {
        "fields": [
          {
            "name": "note_id",
            "type": "integer",
            "format": "default",
            "bareNumber": true,
            "title": "Note identification",
            "description": "Note number"
          },
          {
            "name": "description",
            "type": "string",
            "format": "default",
            "title": "Description",
            "description": "Additional explanatory notes for records in the cropping_data table"
          }
        ],
        "missingValues": [
          ""
        ],
        "primaryKey": "note_id"
      },
      "innerpath": "",
      "compression": "",
      "control": {},
      "dialect": {
        "delimiter": ",",
        "lineTerminator": "\r\n",
        "quoteChar": "\"",
        "doubleQuote": true,
        "skipInitialSpace": false
      },
      "layout": {
        "header": true,
        "headerRows": [
          1
        ],
        "headerJoin": " ",
        "headerCase": true
      },
      "title": "notes",
      "description": "Additional explanatory notes for records in the cropping_data table"
    },
    {
      "path": "rotation_factor_data.csv",
      "name": "rotation_factor_data",
      "profile": "tabular-data-resource",
      "scheme": "file",
      "format": "csv",
      "hashing": "md5",
      "stats": {
        "hash": "c62f9a942e54d7cf805c9b6abb66e629",
        "bytes": 6515,
        "fields": 8,
        "rows": 25
      },
      "encoding": "utf-8",
      "schema": {
        "fields": [
          {
            "name": "description",
            "type": "string",
            "format": "default",
            "title": "description",
            "description": "Detailed description of the rotation factor level, with changes"
          },
          {
            "name": "rotation_type",
            "type": "string",
            "format": "default",
            "title": "Rotation type",
            "description": "General description of rotation type - arable or ley-arable, alternating, 3 year or 8 year ley."
          },
          {
            "name": "factor_level_name",
            "type": "string",
            "format": "default",
            "title": "Factor level name",
            "rdfType": "http://purl.obolibrary.org/obo/STATO_0000265",
            "description": "The name (code) for the rotation factor level"
          },
          {
            "name": "alternative_names",
            "type": "string",
            "format": "default",
            "title": "Alternative name used for rotation",
            "description": "Alternative name (code) used in other publications for the rotation factor level names"
          },
          {
            "name": "years",
            "type": "string",
            "format": "default",
            "title": "years",
            "rdfType": "https://schema.org/Date",
            "description": "The harvest year range for when this factor level was used"
          },
          {
            "name": "treatment_factor",
            "type": "string",
            "format": "default",
            "title": "Treatment factor",
            "rdfType": "http://purl.obolibrary.org/obo/NCIT_C164385",
            "description": "The label for the treatment factor"
          },
          {
            "name": "treatment_factor_rdfType",
            "type": "string",
            "format": "uri",
            "title": "Treatment factor rdfType",
            "rdfType": "https://schema.org/identifier",
            "description": "A controlled vocabulary URI for the treatment factor"
          },
          {
            "name": "frequency",
            "type": "string",
            "format": "default",
            "title": "Frequency",
            "rdfType": "https://schema.org/repeatFrequency",
            "description": "The frequency at which the factor level treatment was applied; each rotation was a 5, 10 or 20 year cycle"
          }
        ],
        "missingValues": [
          ""
        ],
        "primaryKey": "factor_level_name"
      },
      "innerpath": "",
      "compression": "",
      "control": {},
      "dialect": {
        "delimiter": ",",
        "lineTerminator": "\r\n",
        "quoteChar": "\"",
        "doubleQuote": true,
        "skipInitialSpace": false
      },
      "layout": {
        "header": true,
        "headerRows": [
          1
        ],
        "headerJoin": " ",
        "headerCase": true
      },
      "title": "crop rotation descriptions",
      "description": "Describes the different arable and ley-arable rotations, their codes, alternative names and duration. "
    }
  ],
  "profile": "tabular-data-package",
  "id": "10.23637/wrn3-cropping1938-2021-02",
  "name": "woburn-ley-arable-experiment-cropping-sequence-1938-2020",
  "title": "Woburn Ley-arable Experiment cropping sequence 1938-2020",
  "version": "1.0.0",
  "keywords": [
    "Woburn Ley-arable experiment",
    "Rothamsted Research",
    "long term experiments",
    "crop rotation",
    "cropping system",
    "ley farming",
    "arable farming"
  ],
  "description": "### Abstract\nCropping details of the Woburn Ley-arable experiment, 1938-2020, with details of the arable and ley-arable rotation sequences in each of the five Blocks, and the different treatment crops and varieties. Updated from Version 1, with addition of a cropping database. The experiment was designed to test the effects of different rotations with and without leys (short-term herbage) on the yield of two arable Test crops. It is now an important resource for investigating long-term changes in soil organic matter due to different cropping systems.\n### Methods\nThe Woburn Ley-arable Experiment, started in 1938, compares the effects of continuous arable rotations and ley-arable rotations on soil organic matter and the yield of two arable test crops, on a sandy loam soil. It consists of 80 main plots, divided over five blocks. Half the plots have been in four continuous five-year arable or ley-arable rotations since 1938: three years of Treatment crops followed by two arable Test crops. The Treatments were: **Ah/AB/ABe** (all arable rotation with 1-year hay or beans); **Ar/AF/AM/AO** (all arable rotation with roots or fallow or maize or oats); **L/Ln3** (3-year grazed ley then grass ley with fertilizer N); **Lu/Lc3** (3-year legume then grass/clover ley).   \r\nThe other 40 plots were in alternating rotations from 1938 to the mid-1970s: a 20-year cycle of all four arable and ley-arable rotations. These were replaced by eight-year grass or grass/clover leys in the mid-1970s: **LLn8** (8-year grass leys with fertilizer N, followed by two arable test crops); **LLc8** (8-year grass/clover leys, followed by two arable test crops). The rotations are phased in over a five-year period in the five different blocks, so that each year of the five-year rotation is present each year.  The eight-year leys were also phased in, the first cycle starting 1973-77, the second cycle 1978-82. The four eight-year leys were stopped in 2007 and replaced with **AO** (continuous arable with oats); **Abe** (continuous arable with beans); **Ln3** (three-year grass leys with nitrogen); **Lc3** (three-year grass/clover leys).\n### Technical Info\nThe main plots are in pairs, one of each pair received FYM (farmyard manure) applied every fifth year, to the first test crop, 1941-1967.\n### Provenance\nTaken from the Rothamsted Yield Books, field plans and paper archive.\n",
  "contributors": [
    {
      "title": "Paul Poulton",
      "path": "https://orcid.org/0000-0002-5720-064X",
      "organization": "Sustainable Agricultural Sciences, Rothamsted Research"
    },
    {
      "title": "Edward Johnston",
      "organization": "Rothamsted Research"
    },
    {
      "title": "Andrew Macdonald",
      "path": "https://orcid.org/0000-0002-1785-4892",
      "organization": "Sustainable Agricultural Sciences, Rothamsted Research"
    },
    {
      "title": "Margaret Glendining",
      "path": "https://orcid.org/0000-0002-6466-4629",
      "organization": "Computational and Analytical Sciences, Rothamsted Research"
    },
    {
      "title": "Richard Ostler",
      "path": "https://orcid.org/0000-0002-1434-9495",
      "organization": "Computational and Analytical Sciences, Rothamsted Research"
    },
    {
      "title": "Nathalie Castells-Brooke",
      "path": "https://orcid.org/0000-0003-0168-6254",
      "organization": "Computational and Analytical Sciences, Rothamsted Research"
    },
    {
      "title": "Andy Gregory",
      "path": "https://orcid.org/0000-0001-7123-0784",
      "organization": "Sustainable Agricultural Sciences, Rothamsted Research"
    }
  ],
  "licenses": [
    {
      "name": "CC-BY-4.0",
      "path": "https://creativecommons.org/licenses/by/4.0/",
      "title": "Creative Commons Attribution 4.0 International"
    }
  ]
}