{
  "resources": [
    {
      "path": "crop_data.csv",
      "name": "crop_data",
      "profile": "tabular-data-resource",
      "scheme": "file",
      "format": "csv",
      "hashing": "md5",
      "stats": {
        "hash": "f5fd182fdd25da4f828283036d651dc9",
        "bytes": 19973,
        "fields": 15,
        "rows": 220
      },
      "encoding": "utf-8",
      "schema": {
        "fields": [
          {
            "name": "harvest_year",
            "type": "year",
            "format": "default",
            "bareNumber": true,
            "title": "Year in which crop harvested",
            "rdfType": "https://schema.org/Date",
            "description": "Year in which the crop was harvested. Years when no yields were recorded are not included (1923-1939, except 1935)."
          },
          {
            "name": "crop",
            "type": "string",
            "format": "default",
            "title": "Crop type grown",
            "rdfType": "http://aims.fao.org/aos/agrovoc/c_1972",
            "description": "Name of crop grown in this harvest year"
          },
          {
            "name": "plot",
            "type": "number",
            "format": "default",
            "bareNumber": true,
            "title": "Plot number",
            "rdfType": "http://purl.obolibrary.org/obo/STATO_0000447",
            "description": "Plot number since 1876, 1-10."
          },
          {
            "name": "previous_fertilizer_code",
            "type": "string",
            "format": "default",
            "title": "Previous fertilizer and manure treatment code 1876-1901",
            "rdfType": "https://schema.org/name",
            "description": "Code describing the fertilizer or manure applied to that plot, 1876-1901."
          },
          {
            "name": "current_year_fertilizer_code",
            "type": "string",
            "format": "default",
            "title": "Current year fertilizer treatment code",
            "rdfType": "https://schema.org/name",
            "description": "Code describing the fertilizer applied in this harvest year. No fertilizer applied 1902-1939 (nil)."
          },
          {
            "name": "sowing_date",
            "type": "date",
            "format": "dd/mm/yyyy",
            "title": "Sowing date",
            "rdfType": "https://schema.org/Date",
            "description": "Date when the crop was sown. Red clover sown once, in 1905 or 1906.",
            "missingValues": [
              "*"
            ]
          },
          {
            "name": "harvest_date",
            "type": "date",
            "format": "dd/mm/yyyy",
            "title": "Harvest date",
            "rdfType": "https://schema.org/Date",
            "description": "Date the crop was harvested. No harvest dates available 1902-1912",
            "missingValues": [
              "*"
            ]
          },
          {
            "name": "variety",
            "type": "string",
            "format": "default",
            "title": "Variety",
            "rdfType": "http://aims.fao.org/aos/agrovoc/c_8157",
            "description": "Crop variety or cultivar.",
            "missingValues": [
              "*"
            ]
          },
          {
            "name": "plot_area",
            "type": "number",
            "format": "default",
            "bareNumber": true,
            "decimalChar": ".",
            "groupChar": "",
            "title": "Plot area",
            "rdfType": "http://aims.fao.org/aos/agrovoc/c_330588",
            "description": "Plot area.",
            "missingValues": [
              "*"
            ]
          },
          {
            "name": "bushel_weight",
            "type": "number",
            "format": "default",
            "title": "Bushel weight",
            "rdfType": "http://purl.obolibrary.org/obo/UO_01200000",
            "description": "Bushel weight for cereal crops. The weight in kg of a bushel of grain at threshing. A bushel is a volume measurement, assumed to be 36.369 litres. Different species have different bushel weights.",
            "missingValues": [
              "*"
            ]
          },
          {
            "name": "hectolitre_weight",
            "type": "number",
            "format": "default",
            "title": "Hectolitre weight",
            "rdfType": "http://purl.obolibrary.org/obo/NCIT_C69106",
            "description": "Hectolitre weight, kg of grain per 100 litres.  A measure of grain quality. Calculated from bushel weight, assuming 1 bushel is 36.369 litres",
            "missingValues": [
              "*"
            ]
          },
          {
            "name": "grain_yield",
            "type": "number",
            "format": "default",
            "title": "Grain yield",
            "rdfType": "http://aims.fao.org/aos/agrovoc/c_10176",
            "description": "Harvested cereal crop grain yield at 85% dry matter. Calculated from bushel weight and bushel yield.",
            "missingValues": [
              "*"
            ]
          },
          {
            "name": "straw_yield",
            "type": "number",
            "format": "default",
            "title": "Straw yield",
            "rdfType": "http://aims.fao.org/aos/agrovoc/c_10176",
            "description": "Harvested cereal crop straw yield at 85% dry matter. This does not include stubble. No straw yields for red clover.",
            "missingValues": [
              "*"
            ]
          },
          {
            "name": "forage_yield",
            "type": "number",
            "format": "default",
            "title": "Forage yield",
            "rdfType": "http://aims.fao.org/aos/agrovoc/c_15adb263",
            "description": "Total forage yield for red clover, dry matter. Total from two cuts each year (except 1909 which was one cut only).",
            "missingValues": [
              "*"
            ]
          },
          {
            "name": "note_id",
            "type": "integer",
            "format": "default",
            "title": "Note identification",
            "rdfType": "http://purl.obolibrary.org/obo/FBcv_0000210",
            "description": "Note number"
          }
        ],
        "missingValues": [
          ""
        ],
        "foreignKeys": [
          {
            "fields": "crop",
            "reference": {
              "resource": "crop_types_data",
              "fields": "crop_name"
            }
          },
          {
            "fields": "note_id",
            "reference": {
              "resource": "notes_data",
              "fields": "note_id"
            }
          }
        ]
      },
      "innerpath": "",
      "compression": "",
      "control": {},
      "dialect": {
        "delimiter": ",",
        "lineTerminator": "\r\n",
        "quoteChar": "\"",
        "doubleQuote": true,
        "skipInitialSpace": false
      },
      "layout": {
        "header": true,
        "headerRows": [
          1
        ],
        "headerJoin": " ",
        "headerCase": true
      },
      "title": "crop yield data",
      "description": "The main data table containing annual yield data for all plots 1902-1939, with agronomic details including sowing dates and varieties. No yields were recorded 1923-1939, except for wheat in 1935.  No fertilizer or manure was applied 1902-1939, the experiment tests the residual effects of different fertilizers and manures applied 1856-1901. From 1902-1939 cereals were grown most years, except 1905-1911 when plots 5-10 grew continuous red clover. Cereal grain and straw yields are at 85% dry matter. Red clover forage yield is at 100% dry matter. See notes and plan for further details. "
    },
    {
      "path": "crop_types_data.csv",
      "name": "crop_types_data",
      "profile": "tabular-data-resource",
      "scheme": "file",
      "format": "csv",
      "hashing": "md5",
      "stats": {
        "hash": "768cb8d8368d5a5f51a4c217a4eda48c",
        "bytes": 430,
        "fields": 3,
        "rows": 6
      },
      "encoding": "iso8859-1",
      "schema": {
        "fields": [
          {
            "name": "crop_name",
            "type": "string",
            "format": "default",
            "title": "Crop name",
            "rdfType": "http://schema.org/name",
            "description": "English name of crop type"
          },
          {
            "name": "latin_name",
            "type": "string",
            "format": "default",
            "title": "Latin name",
            "rdfType": "http://schema.org/name",
            "description": "Latin botanical name of crop type"
          },
          {
            "name": "crop_name_rdftype",
            "type": "string",
            "format": "uri",
            "title": "Crop name rdfType",
            "rdfType": "https://schema.org/identifier",
            "description": "A controlled vocabulary URI for the treatment factor level form"
          }
        ],
        "missingValues": [
          ""
        ],
        "primaryKey": "crop_name"
      },
      "innerpath": "",
      "compression": "",
      "control": {},
      "dialect": {
        "delimiter": ",",
        "lineTerminator": "\r\n",
        "quoteChar": "\"",
        "doubleQuote": true,
        "skipInitialSpace": false
      },
      "layout": {
        "header": true,
        "headerRows": [
          1
        ],
        "headerJoin": " ",
        "headerCase": true
      },
      "title": "Crop types",
      "description": "List of crops grown with Latin names and AGROVOC concepts."
    },
    {
      "path": "notes_data.csv",
      "name": "notes_data",
      "profile": "tabular-data-resource",
      "scheme": "file",
      "format": "csv",
      "hashing": "md5",
      "stats": {
        "hash": "d05185d449ce278811b10a7ce0383bf5",
        "bytes": 973,
        "fields": 2,
        "rows": 7
      },
      "encoding": "utf-8",
      "schema": {
        "fields": [
          {
            "name": "note_id",
            "type": "string",
            "format": "default",
            "bareNumber": true,
            "title": "Note identification",
            "rdfType": "http://purl.obolibrary.org/obo/FBcv_0000210",
            "description": "Note number"
          },
          {
            "name": "description",
            "type": "string",
            "format": "default",
            "title": "Description",
            "rdfType": "http://schema.org/description",
            "description": "Additional explanatory notes for records in the crop_data table"
          }
        ],
        "missingValues": [
          ""
        ],
        "primaryKey": "note_id"
      },
      "innerpath": "",
      "compression": "",
      "control": {},
      "dialect": {
        "delimiter": ",",
        "lineTerminator": "\r\n",
        "quoteChar": "\"",
        "doubleQuote": true,
        "skipInitialSpace": false
      },
      "layout": {
        "header": true,
        "headerRows": [
          1
        ],
        "headerJoin": " ",
        "headerCase": true
      },
      "title": "Notes",
      "description": "Additional explanatory notes for records in the crop_data table"
    }
  ],
  "profile": "tabular-data-package",
  "id": "https://doi.org/10.23637/REX4-YLD0239-01",
  "name": "exhaustion-land-experiment-annual-crop-yields-1902-1939",
  "title": "Exhaustion Land Experiment annual crop yields 1902-1939",
  "version": "1.0.0",
  "keywords": [
    "Rothamsted Research",
    "crop yield",
    "long term experiments",
    "barley",
    "Exhaustion land long-term experiment",
    "residual effects",
    "red clover"
  ],
  "description": "### Abstract\nThis dataset contains the annual yield data for Phase II of all plots of the Exhaustion Land Experiment 1902-1922 and 1935.  No yields were recorded 1923-1939, except in 1935. Also sowing dates, varieties and hectolitre weights.\n### Methods\nThe experiment was established in 1856, and divided into 10 plots (1-10) in 1876, given various fertilizer and manure treatments each year until 1901. No fertilizer or manure was applied 1902-1939; this phase of the experiment tests the residual effects of the fertilizers and manures applied 1856-1901 (Phase I). Cereals, mainly spring barley, were grown every year, except 1905-1911 when continuous red clover was grown on some plots.\n### Technical Info\nCrop yields were recorded each year 1902-1922 and 1935, except 1920 when the whole experiment was bare fallowed to control weeds. Cereal grain and straw yields are at 85% dry matter. Cereal straw yields do not include the stubble. Grain hectolitre weights (kg grain per 100 litres) are calculated from bushel weights, assuming 1 bushel = 36.369 litres. Plots 5-10 grew continuous red clover from 1905-1911, yield is total forage dry matter yield for two cuts (one cut only in 1909).\n### Provenance\nAnnual yields were transcribed from original data sheets held in the Rothamsted paper archive and from the Yields of the Field Experiments and Rothamsted Annual Reports. Details of treatments were taken from the Rothamsted Annual Reports and other publications. The frictionless dataset of combined yields and treatment data was compiled by June Kimori and checked by Daniel Philcox and Margaret Glendining, July 2022.\n### Quality\nIn accordance with the Joint Code of Practice for Research at Rothamsted, data processing in e-RA follow rigorous standard operating procedures to ensure the quality and correctness of data collected in the field through to depositing in the e-RA database. To ensure quality control during data inputting, the data sets were typed on two separate occasions (double data entry). During the second typing (verification) the data values were compared with those typed on the earlier occasion, and any discrepancies were resolved before verification continued. This procedure avoided visual checking of data, which can be very inaccurate.\n",
  "contributors": [
    {
      "title": "June Kimori",
      "organization": "University of Reading"
    },
    {
      "title": "Daniel Philcox",
      "organization": "University of Reading"
    },
    {
      "title": "Margaret Glendining",
      "path": "https://orcid.org/0000-0002-6466-4629",
      "organization": "Computational and Analytical Sciences, Rothamsted Research"
    },
    {
      "title": "Nathalie Castells-Brooke",
      "path": "https://orcid.org/0000-0003-0168-6254",
      "organization": "Computational and Analytical Sciences, Rothamsted Research"
    },
    {
      "title": "Andy Gregory",
      "path": "https://orcid.org/0000-0001-7123-0784",
      "organization": "Sustainable Agricultural Sciences, Rothamsted Research"
    },
    {
      "title": "Richard Ostler",
      "path": "https://orcid.org/0000-0002-1434-9495",
      "organization": "Computational and Analytical Sciences, Rothamsted Research"
    },
    {
      "title": "Simon Willcock",
      "path": "https://orcid.org/0000-0001-9534-9114",
      "organization": "Rothamsted Research"
    },
    {
      "title": "Paul Poulton",
      "path": "https://orcid.org/0000-0002-5720-064X",
      "organization": "Sustainable Agricultural Sciences, Rothamsted Research"
    }
  ],
  "licenses": [
    {
      "name": "CC-BY-4.0",
      "path": "https://creativecommons.org/licenses/by/4.0/",
      "title": "Creative Commons Attribution 4.0 International"
    }
  ]
}