{
  "resources": [
    {
      "path": "fym_factor_data.csv",
      "name": "fym_factor_data",
      "profile": "tabular-data-resource",
      "scheme": "file",
      "format": "csv",
      "hashing": "md5",
      "stats": {
        "hash": "99c5a4c2aa8f0f17c39fe3c38f227726",
        "bytes": 1098,
        "fields": 12,
        "rows": 4
      },
      "encoding": "utf-8",
      "schema": {
        "fields": [
          {
            "name": "description",
            "type": "string",
            "format": "default",
            "title": "Description",
            "rdfType": "https://schema.org/description",
            "description": "A description of the factor level"
          },
          {
            "name": "factor_level_name",
            "type": "string",
            "format": "default",
            "title": "Factor level name",
            "rdfType": "http://purl.obolibrary.org/obo/STATO_0000265",
            "description": "The name for a factor level, for FYM applied 1876-1926"
          },
          {
            "name": "years",
            "type": "string",
            "format": "default",
            "title": "Years",
            "rdfType": "https://schema.org/temporalCoverage",
            "description": "The year range for when the factor level was used"
          },
          {
            "name": "treatment_factor",
            "type": "string",
            "format": "default",
            "title": "Treatment factor",
            "rdfType": "http://purl.obolibrary.org/obo/NCIT_C164385",
            "description": "The label for the treatment factor"
          },
          {
            "name": "treatment_factor_rdfType",
            "type": "string",
            "format": "default",
            "title": "Treatment factor rdfType",
            "rdfType": "https://schema.org/identifier",
            "description": "A controlled vocabulary URI for the treatment factor"
          },
          {
            "name": "amount",
            "type": "number",
            "format": "default",
            "bareNumber": true,
            "decimalChar": ".",
            "groupChar": "",
            "title": "Amount",
            "rdfType": "https://schema.org/QuantitativeValue",
            "description": "Amount of FYM applied"
          },
          {
            "name": "amount unit",
            "type": "string",
            "format": "default",
            "title": "Amount unit",
            "rdfType": "https://schema.org/unitText",
            "description": "Units in which FYM was applied each year"
          },
          {
            "name": "n_amount",
            "type": "number",
            "format": "default",
            "bareNumber": true,
            "decimalChar": ".",
            "groupChar": "",
            "title": "N amount",
            "rdfType": "https://schema.org/QuantitativeValue",
            "description": "Amount of nitrogen which was applied in the FYM application each year"
          },
          {
            "name": "n_amount_unit",
            "type": "string",
            "format": "default",
            "title": "N amount unit",
            "rdfType": "https://schema.org/unitText",
            "description": "Units in which the N in the FYM was applied each year"
          },
          {
            "name": "frequency",
            "type": "string",
            "format": "default",
            "title": "Frequency",
            "rdfType": "https://schema.org/repeatFrequency",
            "description": "The frequency at which the factor level treatment was applied"
          },
          {
            "name": "treatment_form",
            "type": "string",
            "format": "default",
            "title": "Treatment form",
            "rdfType": "http://purl.obolibrary.org/obo/CHEBI_33287",
            "description": "The form in which the factor level treatment was applied"
          },
          {
            "name": "treatment_form_rdfType",
            "type": "string",
            "format": "default",
            "title": "Treatment form rdfType",
            "rdfType": "https://schema.org/identifier",
            "description": "A controlled vocabulary URI for the treatment factor level form"
          }
        ],
        "missingValues": [
          ""
        ],
        "primaryKey": "factor_level_name"
      },
      "innerpath": "",
      "compression": "",
      "control": {},
      "dialect": {
        "delimiter": ",",
        "lineTerminator": "\r\n",
        "quoteChar": "\"",
        "doubleQuote": true,
        "skipInitialSpace": false
      },
      "layout": {
        "header": true,
        "headerRows": [
          1
        ],
        "headerJoin": " ",
        "headerCase": true
      },
      "title": "FYM treatment factor level description",
      "description": "Describes the FYM (farmyard manure) treatment factor levels applied between 1876 and 1926"
    },
    {
      "path": "k_factor_data.csv",
      "name": "k_factor_data",
      "profile": "tabular-data-resource",
      "scheme": "file",
      "format": "csv",
      "hashing": "md5",
      "stats": {
        "hash": "888940aeaff491101556a858eb12f276",
        "bytes": 943,
        "fields": 10,
        "rows": 4
      },
      "encoding": "utf-8",
      "schema": {
        "fields": [
          {
            "name": "description",
            "type": "string",
            "format": "default",
            "title": "Description",
            "rdfType": "https://schema.org/description",
            "description": "A description of the factor level"
          },
          {
            "name": "factor_level_name",
            "type": "string",
            "format": "default",
            "title": "Factor level name",
            "rdfType": "http://purl.obolibrary.org/obo/STATO_0000265",
            "description": "The name for a factor level"
          },
          {
            "name": "years",
            "type": "string",
            "format": "default",
            "title": "Years",
            "rdfType": "https://schema.org/temporalCoverage",
            "description": "The year range for when the factor level was used"
          },
          {
            "name": "treatment_factor",
            "type": "string",
            "format": "default",
            "title": "Treatment factor",
            "rdfType": "http://purl.obolibrary.org/obo/NCIT_C164385",
            "description": "The label for the treatment factor"
          },
          {
            "name": "treatment_factor_rdfType",
            "type": "string",
            "format": "default",
            "title": "Treatment factor rdfType",
            "rdfType": "https://schema.org/identifier",
            "description": "A controlled vocabulary URI for the treatment factor"
          },
          {
            "name": "amount",
            "type": "number",
            "format": "default",
            "bareNumber": true,
            "title": "Amount",
            "rdfType": "https://schema.org/QuantitativeValue",
            "description": "Total inorganic potassium (K) fertilizer which was applied to this crop as a treatment factor. This does not include K in FYM or rape cake."
          },
          {
            "name": "amount unit",
            "type": "string",
            "format": "default",
            "title": "Amount unit",
            "rdfType": "https://schema.org/unitText",
            "description": "Units in which the K was applied each year"
          },
          {
            "name": "frequency",
            "type": "string",
            "format": "default",
            "title": "Frequency",
            "rdfType": "https://schema.org/repeatFrequency",
            "description": "The frequency at which the factor level treatment was applied"
          },
          {
            "name": "treatment_form",
            "type": "string",
            "format": "default",
            "title": "Treatment form",
            "rdfType": "http://purl.obolibrary.org/obo/CHEBI_33287",
            "description": "The form of inorganic K fertilizer applied"
          },
          {
            "name": "treatment_form_rdfType",
            "type": "string",
            "format": "default",
            "title": "Treatment form rdfType",
            "rdfType": "https://schema.org/identifier",
            "description": "A controlled vocabulary URI for the treatment factor level form"
          }
        ],
        "missingValues": [
          ""
        ],
        "primaryKey": "factor_level_name"
      },
      "innerpath": "",
      "compression": "",
      "control": {},
      "dialect": {
        "delimiter": ",",
        "lineTerminator": "\r\n",
        "quoteChar": "\"",
        "doubleQuote": true,
        "skipInitialSpace": false
      },
      "layout": {
        "header": true,
        "headerRows": [
          1
        ],
        "headerJoin": " ",
        "headerCase": true
      },
      "title": "K fertilizer treatment factor level descriptions",
      "description": "Describes the K (potassium) fertilizer treatment factor levels applied between 1876 and 1926"
    },
    {
      "path": "lime_factor_data.csv",
      "name": "lime_factor_data",
      "profile": "tabular-data-resource",
      "scheme": "file",
      "format": "csv",
      "hashing": "md5",
      "stats": {
        "hash": "a6da81a1cccff674d6f2e910186aa303",
        "bytes": 1103,
        "fields": 10,
        "rows": 4
      },
      "encoding": "utf-8",
      "schema": {
        "fields": [
          {
            "name": "description",
            "type": "string",
            "format": "default",
            "title": "Description",
            "rdfType": "https://schema.org/description",
            "description": "A description of the factor level"
          },
          {
            "name": "factor_level_name",
            "type": "string",
            "format": "default",
            "title": "Factor level name",
            "rdfType": "http://purl.obolibrary.org/obo/STATO_0000265",
            "description": "The name for a factor level, for total lime applied 1898-1924."
          },
          {
            "name": "years",
            "type": "string",
            "format": "default",
            "title": "Years",
            "rdfType": "https://schema.org/temporalCoverage",
            "description": "The year range for when the factor level was used"
          },
          {
            "name": "treatment_factor",
            "type": "string",
            "format": "default",
            "title": "Treatment factor",
            "rdfType": "http://purl.obolibrary.org/obo/NCIT_C164385",
            "description": "The label for the treatment factor"
          },
          {
            "name": "treatment_factor_rdfType",
            "type": "string",
            "format": "default",
            "title": "Treatment factor rdfType",
            "rdfType": "https://schema.org/identifier",
            "description": "A controlled vocabulary URI for the treatment factor"
          },
          {
            "name": "total_amount",
            "type": "number",
            "format": "default",
            "bareNumber": true,
            "decimalChar": ".",
            "groupChar": "",
            "title": "Amount",
            "rdfType": "https://schema.org/QuantitativeValue",
            "description": "Total amount of lime applied 1894-1924"
          },
          {
            "name": "total_amount_unit",
            "type": "string",
            "format": "default",
            "title": "Amount unit",
            "rdfType": "https://schema.org/unitText",
            "description": "Units in which lime was applied"
          },
          {
            "name": "frequency",
            "type": "string",
            "format": "default",
            "title": "Frequency",
            "rdfType": "https://schema.org/repeatFrequency",
            "description": "The frequency at which the factor level treatment was applied"
          },
          {
            "name": "treatment_form",
            "type": "string",
            "format": "default",
            "title": "Treatment form",
            "rdfType": "http://purl.obolibrary.org/obo/CHEBI_33287",
            "description": "The form in which the factor level treatment was applied"
          },
          {
            "name": "treatment_form_rdfType",
            "type": "string",
            "format": "default",
            "title": "Treatment form rdfType",
            "rdfType": "https://schema.org/identifier",
            "description": "A controlled vocabulary URI for the treatment factor level form"
          }
        ],
        "missingValues": [
          ""
        ],
        "primaryKey": "factor_level_name"
      },
      "innerpath": "",
      "compression": "",
      "control": {},
      "dialect": {
        "delimiter": ",",
        "lineTerminator": "\r\n",
        "quoteChar": "\"",
        "doubleQuote": true,
        "skipInitialSpace": false
      },
      "layout": {
        "header": true,
        "headerRows": [
          1
        ],
        "headerJoin": " ",
        "headerCase": true
      },
      "title": "Lime treatment factor level description",
      "description": "Describes the lime (chalk) treatment factor levels applied between 1898 and 1924"
    },
    {
      "path": "mg_factor_data.csv",
      "name": "mg_factor_data",
      "profile": "tabular-data-resource",
      "scheme": "file",
      "format": "csv",
      "hashing": "md5",
      "stats": {
        "hash": "5a7f81719ccb047bccfd8fccd28bec41",
        "bytes": 618,
        "fields": 10,
        "rows": 3
      },
      "encoding": "utf-8",
      "schema": {
        "fields": [
          {
            "name": "description",
            "type": "string",
            "format": "default",
            "title": "Description",
            "rdfType": "https://schema.org/description",
            "description": "A description of the factor level"
          },
          {
            "name": "factor_level_name",
            "type": "string",
            "format": "default",
            "title": "Factor level name",
            "rdfType": "http://purl.obolibrary.org/obo/STATO_0000265",
            "description": "The name for a factor level"
          },
          {
            "name": "years",
            "type": "string",
            "format": "default",
            "title": "Years",
            "rdfType": "https://schema.org/temporalCoverage",
            "description": "The year range for when the factor level was used"
          },
          {
            "name": "treatment_factor",
            "type": "string",
            "format": "default",
            "title": "Treatment factor",
            "rdfType": "http://purl.obolibrary.org/obo/NCIT_C164385",
            "description": "The label for the treatment factor"
          },
          {
            "name": "treatment_factor_rdfType",
            "type": "string",
            "format": "default",
            "title": "Treatment factor rdfType",
            "rdfType": "https://schema.org/identifier",
            "description": "A controlled vocabulary URI for the treatment factor"
          },
          {
            "name": "amount",
            "type": "number",
            "format": "default",
            "bareNumber": true,
            "title": "Amount",
            "rdfType": "https://schema.org/QuantitativeValue",
            "description": "Total inorganic magnesium (Mg) fertilizer which was applied to this crop as a treatment factor. This does not include Mg in FYM or rape cake."
          },
          {
            "name": "amount unit",
            "type": "string",
            "format": "default",
            "title": "Amount unit",
            "rdfType": "https://schema.org/unitText",
            "description": "Units in which the Mg was applied each year"
          },
          {
            "name": "frequency",
            "type": "string",
            "format": "default",
            "title": "Frequency",
            "rdfType": "https://schema.org/repeatFrequency",
            "description": "The frequency at which the factor level treatment was applied"
          },
          {
            "name": "treatment_form",
            "type": "string",
            "format": "default",
            "title": "Treatment form",
            "rdfType": "http://purl.obolibrary.org/obo/CHEBI_33287",
            "description": "The form of inorganic magnesium fertilizer applied"
          },
          {
            "name": "treatment_form_rdfType",
            "type": "string",
            "format": "default",
            "title": "Treatment form rdfType",
            "rdfType": "https://schema.org/identifier",
            "description": "A controlled vocabulary URI for the treatment factor level form"
          }
        ],
        "missingValues": [
          ""
        ],
        "primaryKey": "factor_level_name"
      },
      "innerpath": "",
      "compression": "",
      "control": {},
      "dialect": {
        "delimiter": ",",
        "lineTerminator": "\r\n",
        "quoteChar": "\"",
        "doubleQuote": true,
        "skipInitialSpace": false
      },
      "layout": {
        "header": true,
        "headerRows": [
          1
        ],
        "headerJoin": " ",
        "headerCase": true
      },
      "title": "Mg fertilizer treatment factor level descriptions",
      "description": "Describes the Mg (magnesium) fertilizer treatment factor levels applied between 1876 and 1926"
    },
    {
      "path": "n_factor_data.csv",
      "name": "n_factor_data",
      "profile": "tabular-data-resource",
      "scheme": "file",
      "format": "csv",
      "hashing": "md5",
      "stats": {
        "hash": "ba0915ca9ac5185b61ce58c9d6f74a9f",
        "bytes": 2287,
        "fields": 10,
        "rows": 7
      },
      "encoding": "utf-8",
      "schema": {
        "fields": [
          {
            "name": "description",
            "type": "string",
            "format": "default",
            "title": "Description",
            "rdfType": "https://schema.org/description",
            "description": "A description of the factor level"
          },
          {
            "name": "factor_level_name",
            "type": "string",
            "format": "default",
            "title": "Factor level name",
            "rdfType": "http://purl.obolibrary.org/obo/STATO_0000265",
            "description": "The name for a factor level"
          },
          {
            "name": "years",
            "type": "string",
            "format": "default",
            "title": "Years",
            "rdfType": "https://schema.org/temporalCoverage",
            "description": "The year range for when the factor level was used"
          },
          {
            "name": "treatment_factor",
            "type": "string",
            "format": "default",
            "title": "Treatment factor",
            "rdfType": "http://purl.obolibrary.org/obo/NCIT_C164385",
            "description": "The label for the treatment factor"
          },
          {
            "name": "treatment_factor_rdfType",
            "type": "string",
            "format": "default",
            "title": "Treatment factor rdfType",
            "rdfType": "https://schema.org/identifier",
            "description": "A controlled vocabulary URI for the treatment factor"
          },
          {
            "name": "amount",
            "type": "number",
            "format": "default",
            "bareNumber": true,
            "title": "Amount",
            "rdfType": "https://schema.org/QuantitativeValue",
            "description": "Total inorganic nitrogen (N) fertilizer which was applied to this crop as a treatment factor. This does not include N in FYM or rape cake. Note at different periods of the experiment N was variously applied in autumn or spring and applied in a single application or split applications."
          },
          {
            "name": "amount unit",
            "type": "string",
            "format": "default",
            "title": "Amount unit",
            "rdfType": "https://schema.org/unitText",
            "description": "Units in which the N was applied each year"
          },
          {
            "name": "frequency",
            "type": "string",
            "format": "default",
            "title": "Frequency",
            "rdfType": "https://schema.org/repeatFrequency",
            "description": "The frequency at which the factor level treatment was applied"
          },
          {
            "name": "treatment_form",
            "type": "string",
            "format": "default",
            "title": "Treatment form",
            "rdfType": "http://purl.obolibrary.org/obo/CHEBI_33287",
            "description": "The form of inorganic N fertilizer applied; either ammonium sulfate or sodium nitrate"
          },
          {
            "name": "treatment_form_rdfType",
            "type": "string",
            "format": "default",
            "title": "Treatment form rdfType",
            "rdfType": "https://schema.org/identifier",
            "description": "A controlled vocabulary URI for the treatment factor level form"
          }
        ],
        "missingValues": [
          ""
        ],
        "primaryKey": "factor_level_name"
      },
      "innerpath": "",
      "compression": "",
      "control": {},
      "dialect": {
        "delimiter": ",",
        "lineTerminator": "\r\n",
        "quoteChar": "\"",
        "doubleQuote": true,
        "skipInitialSpace": false
      },
      "layout": {
        "header": true,
        "headerRows": [
          1
        ],
        "headerJoin": " ",
        "headerCase": true
      },
      "title": "N fertilizer treatment factor level descriptions",
      "description": "Describes the different N (nitrogen) fertilizer treatment factor levels applied between 1876 and 1926"
    },
    {
      "path": "na_factor_data.csv",
      "name": "na_factor_data",
      "profile": "tabular-data-resource",
      "scheme": "file",
      "format": "csv",
      "hashing": "md5",
      "stats": {
        "hash": "7fefd438f917797e3d7793776223d277",
        "bytes": 528,
        "fields": 10,
        "rows": 3
      },
      "encoding": "utf-8",
      "schema": {
        "fields": [
          {
            "name": "description",
            "type": "string",
            "format": "default",
            "title": "Description",
            "rdfType": "https://schema.org/description",
            "description": "A description of the factor level"
          },
          {
            "name": "factor_level_name",
            "type": "string",
            "format": "default",
            "title": "Factor level name",
            "rdfType": "http://purl.obolibrary.org/obo/STATO_0000265",
            "description": "The name for a factor level"
          },
          {
            "name": "years",
            "type": "string",
            "format": "default",
            "title": "Years",
            "rdfType": "https://schema.org/temporalCoverage",
            "description": "The year range for when the factor level was used"
          },
          {
            "name": "treatment_factor",
            "type": "string",
            "format": "default",
            "title": "Treatment factor",
            "rdfType": "http://purl.obolibrary.org/obo/NCIT_C164385",
            "description": "The label for the treatment factor"
          },
          {
            "name": "treatment_factor_rdfType",
            "type": "string",
            "format": "default",
            "title": "Treatment factor rdfType",
            "rdfType": "https://schema.org/identifier",
            "description": "A controlled vocabulary URI for the treatment factor"
          },
          {
            "name": "amount",
            "type": "number",
            "format": "default",
            "bareNumber": true,
            "title": "Amount",
            "rdfType": "https://schema.org/QuantitativeValue",
            "description": "Total inorganic sodium (Na) fertilizer which was applied to this crop as a treatment factor. This does not include Na in FYM, rape cake or sodium nitrate."
          },
          {
            "name": "amount unit",
            "type": "string",
            "format": "default",
            "title": "Amount unit",
            "rdfType": "https://schema.org/unitText",
            "description": "Units in which the Na was applied each year"
          },
          {
            "name": "frequency",
            "type": "string",
            "format": "default",
            "title": "Frequency",
            "rdfType": "https://schema.org/repeatFrequency",
            "description": "The frequency at which the factor level treatment was applied"
          },
          {
            "name": "treatment_form",
            "type": "string",
            "format": "default",
            "title": "Treatment form",
            "rdfType": "http://purl.obolibrary.org/obo/CHEBI_33287",
            "description": "The form of inorganic Na fertilizer applied"
          },
          {
            "name": "treatment_form_rdfType",
            "type": "string",
            "format": "default",
            "title": "Treatment form rdfType",
            "rdfType": "https://schema.org/identifier",
            "description": "A controlled vocabulary URI for the treatment factor level form"
          }
        ],
        "missingValues": [
          ""
        ],
        "primaryKey": "factor_level_name"
      },
      "innerpath": "",
      "compression": "",
      "control": {},
      "dialect": {
        "delimiter": ",",
        "lineTerminator": "\r\n",
        "quoteChar": "\"",
        "doubleQuote": true,
        "skipInitialSpace": false
      },
      "layout": {
        "header": true,
        "headerRows": [
          1
        ],
        "headerJoin": " ",
        "headerCase": true
      },
      "title": "Na fertilizer treatment factor level descriptions",
      "description": "Describes the Na (sodium) fertilizer treatment factor levels applied between 1876 and 1926"
    },
    {
      "path": "notes_data.csv",
      "name": "notes_data",
      "profile": "tabular-data-resource",
      "scheme": "file",
      "format": "csv",
      "hashing": "md5",
      "stats": {
        "hash": "8de999b23868246843280218b541eeab",
        "bytes": 627,
        "fields": 2,
        "rows": 5
      },
      "encoding": "utf-8",
      "schema": {
        "fields": [
          {
            "name": "note_id",
            "type": "integer",
            "format": "default",
            "bareNumber": true,
            "title": "Note identification",
            "description": "Note number"
          },
          {
            "name": "description",
            "type": "string",
            "format": "default",
            "title": "Description",
            "rdfType": "http://schema.org/description",
            "description": "Additional explanatory notes for records in the crop_data table"
          }
        ],
        "missingValues": [
          ""
        ],
        "primaryKey": "note_id"
      },
      "innerpath": "",
      "compression": "",
      "control": {},
      "dialect": {
        "delimiter": ",",
        "lineTerminator": "\r\n",
        "quoteChar": "\"",
        "doubleQuote": true,
        "skipInitialSpace": false
      },
      "layout": {
        "header": true,
        "headerRows": [
          1
        ],
        "headerJoin": " ",
        "headerCase": true
      },
      "title": "Notes",
      "description": "Additional explanatory notes for records in the soil_data table"
    },
    {
      "path": "p_factor_data.csv",
      "name": "p_factor_data",
      "profile": "tabular-data-resource",
      "scheme": "file",
      "format": "csv",
      "hashing": "md5",
      "stats": {
        "hash": "32b5d73f0aaa9ad679f38f2d84c3cd4b",
        "bytes": 745,
        "fields": 10,
        "rows": 3
      },
      "encoding": "utf-8",
      "schema": {
        "fields": [
          {
            "name": "description",
            "type": "string",
            "format": "default",
            "title": "Description",
            "rdfType": "https://schema.org/description",
            "description": "A description of the factor level"
          },
          {
            "name": "factor_level_name",
            "type": "string",
            "format": "default",
            "title": "Factor level name",
            "rdfType": "http://purl.obolibrary.org/obo/STATO_0000265",
            "description": "The name for a factor level"
          },
          {
            "name": "years",
            "type": "string",
            "format": "default",
            "title": "Years",
            "rdfType": "https://schema.org/temporalCoverage",
            "description": "The year range for when the factor level was used"
          },
          {
            "name": "treatment_factor",
            "type": "string",
            "format": "default",
            "title": "Treatment factor",
            "rdfType": "http://purl.obolibrary.org/obo/NCIT_C164385",
            "description": "The label for the treatment factor"
          },
          {
            "name": "treatment_factor_rdfType",
            "type": "string",
            "format": "default",
            "title": "Treatment factor rdfType",
            "rdfType": "https://schema.org/identifier",
            "description": "A controlled vocabulary URI for the treatment factor"
          },
          {
            "name": "amount",
            "type": "number",
            "format": "default",
            "bareNumber": true,
            "title": "Amount",
            "rdfType": "https://schema.org/QuantitativeValue",
            "description": "Total inorganic phosphorus (P) fertilizer which was applied to this crop as a treatment factor. This does not include P in FYM or rape cake."
          },
          {
            "name": "amount unit",
            "type": "string",
            "format": "default",
            "title": "Amount unit",
            "rdfType": "https://schema.org/unitText",
            "description": "Units in which the P fertilizer was applied each year"
          },
          {
            "name": "frequency",
            "type": "string",
            "format": "default",
            "title": "Frequency",
            "rdfType": "https://schema.org/repeatFrequency",
            "description": "The frequency at which the factor level treatment was applied"
          },
          {
            "name": "treatment_form",
            "type": "string",
            "format": "default",
            "title": "Treatment form",
            "rdfType": "http://purl.obolibrary.org/obo/CHEBI_33287",
            "description": "The form of inorganic P fertilizer applied"
          },
          {
            "name": "treatment_form_rdfType",
            "type": "string",
            "format": "default",
            "title": "Treatment form rdfType",
            "rdfType": "https://schema.org/identifier",
            "description": "A controlled vocabulary URI for the treatment factor level form"
          }
        ],
        "missingValues": [
          ""
        ],
        "primaryKey": "factor_level_name"
      },
      "innerpath": "",
      "compression": "",
      "control": {},
      "dialect": {
        "delimiter": ",",
        "lineTerminator": "\r\n",
        "quoteChar": "\"",
        "doubleQuote": true,
        "skipInitialSpace": false
      },
      "layout": {
        "header": true,
        "headerRows": [
          1
        ],
        "headerJoin": " ",
        "headerCase": true
      },
      "title": "P fertilizer treatment factor level descriptions",
      "description": "Describes the P (phosphorus) fertilizer treatment factor levels applied between 1876 and 1926"
    },
    {
      "path": "rape_cake_factor_data.csv",
      "name": "rape_cake_factor_data",
      "profile": "tabular-data-resource",
      "scheme": "file",
      "format": "csv",
      "hashing": "md5",
      "stats": {
        "hash": "dc97fd33ad9537a9642bc312a6e890fc",
        "bytes": 1089,
        "fields": 12,
        "rows": 4
      },
      "encoding": "utf-8",
      "schema": {
        "fields": [
          {
            "name": "description",
            "type": "string",
            "format": "default",
            "title": "Description",
            "rdfType": "https://schema.org/description",
            "description": "A description of the factor level"
          },
          {
            "name": "factor_level_name",
            "type": "string",
            "format": "default",
            "title": "Factor level name",
            "rdfType": "http://purl.obolibrary.org/obo/STATO_0000265",
            "description": "The name for a factor level"
          },
          {
            "name": "years",
            "type": "string",
            "format": "default",
            "title": "Years",
            "rdfType": "https://schema.org/temporalCoverage",
            "description": "The year range for when the factor level was used"
          },
          {
            "name": "treatment_factor",
            "type": "string",
            "format": "default",
            "title": "Treatment factor",
            "rdfType": "http://purl.obolibrary.org/obo/NCIT_C164385",
            "description": "The label for the treatment factor"
          },
          {
            "name": "treatment_factor_rdfType",
            "type": "string",
            "format": "default",
            "title": "Treatment factor rdfType",
            "rdfType": "https://schema.org/identifier",
            "description": "A controlled vocabulary URI for the treatment factor"
          },
          {
            "name": "amount",
            "type": "number",
            "format": "default",
            "bareNumber": true,
            "title": "Amount",
            "rdfType": "https://schema.org/QuantitativeValue",
            "description": "Amount of rape cake applied"
          },
          {
            "name": "amount unit",
            "type": "string",
            "format": "default",
            "title": "Amount unit",
            "rdfType": "https://schema.org/unitText",
            "description": "Units in which rape cake was applied each year"
          },
          {
            "name": "n_amount",
            "type": "number",
            "format": "default",
            "bareNumber": true,
            "title": "N amount",
            "rdfType": "https://schema.org/QuantitativeValue",
            "description": "Amount of nitrogen which was applied in the rape cake application each year"
          },
          {
            "name": "n_amount_unit",
            "type": "string",
            "format": "default",
            "title": "N amount unit",
            "rdfType": "https://schema.org/unitText",
            "description": "Units in which the N in the rape cake was applied each year"
          },
          {
            "name": "frequency",
            "type": "string",
            "format": "default",
            "title": "Frequency",
            "rdfType": "https://schema.org/repeatFrequency",
            "description": "The frequency at which the rape cake was applied"
          },
          {
            "name": "treatment_form",
            "type": "string",
            "format": "default",
            "title": "Treatment form",
            "rdfType": "http://purl.obolibrary.org/obo/CHEBI_33287",
            "description": "The form in which the factor level treatment was applied"
          },
          {
            "name": "treatment_form_rdfType",
            "type": "string",
            "format": "default",
            "title": "Treatment form rdfType",
            "rdfType": "https://schema.org/identifier",
            "description": "A controlled vocabulary URI for the treatment factor level form"
          }
        ],
        "missingValues": [
          ""
        ],
        "primaryKey": "factor_level_name"
      },
      "innerpath": "",
      "compression": "",
      "control": {},
      "dialect": {
        "delimiter": ",",
        "lineTerminator": "\r\n",
        "quoteChar": "\"",
        "doubleQuote": true,
        "skipInitialSpace": false
      },
      "layout": {
        "header": true,
        "headerRows": [
          1
        ],
        "headerJoin": " ",
        "headerCase": true
      },
      "title": "Rape cake treatment factor level description",
      "description": "Describes the rape cake (a type of organic manure) treatment factor levels applied between 1876 and 1926"
    },
    {
      "path": "soil_data.csv",
      "name": "soil_data",
      "profile": "tabular-data-resource",
      "scheme": "file",
      "format": "csv",
      "hashing": "md5",
      "stats": {
        "hash": "4afce773b8c407dd392a67a97535a814",
        "bytes": 15777,
        "fields": 30,
        "rows": 132
      },
      "encoding": "utf-8",
      "schema": {
        "fields": [
          {
            "name": "harvest_year",
            "type": "year",
            "format": "yyyy",
            "bareNumber": true,
            "title": "Year in which crop harvested",
            "rdfType": "https://schema.org/Date",
            "description": "Year in which the wheat crop was harvested."
          },
          {
            "name": "plot",
            "type": "string",
            "format": "default",
            "bareNumber": true,
            "title": "Plot",
            "rdfType": "http://purl.obolibrary.org/obo/STATO_0000447",
            "description": "Original plots established in 1877"
          },
          {
            "name": "sub_plot",
            "type": "string",
            "format": "default",
            "title": "Sub-plot",
            "rdfType": "http://purl.obolibrary.org/obo/STATO_0000448",
            "description": "Some plots were divided into a and b halves to test different treatments from 1882."
          },
          {
            "name": "sub_sub_plot",
            "type": "string",
            "format": "default",
            "title": "Sub sub-plot",
            "rdfType": "http://purl.obolibrary.org/obo/STATO_0000449",
            "description": "Some sub-plots were divided into i and ii halves, from 1905. Sub-plot a divided into i and ii (formerly known as aa), sub-plot b into i and ii (formerly known as bb), to test residual effects of fertilizer N."
          },
          {
            "name": "fertilizer_code",
            "type": "string",
            "format": "default",
            "title": "Fertilizer and manure treatment code",
            "rdfType": "https://schema.org/name",
            "description": "Code describing the fertilizer or manure applied in that harvest year"
          },
          {
            "name": "lime_factor_level",
            "type": "string",
            "format": "default",
            "title": "lime factor level",
            "rdfType": "https://schema.org/name",
            "description": "Code for the lime treatment applied to that sub sub-plot"
          },
          {
            "name": "fym_factor_level",
            "type": "string",
            "format": "default",
            "title": "FYM factor level",
            "rdfType": "https://schema.org/name",
            "description": "Code for the FYM factor level applied in that harvest year"
          },
          {
            "name": "fym_amount",
            "type": "number",
            "format": "default",
            "bareNumber": true,
            "decimalChar": ".",
            "groupChar": "",
            "title": "Amount of FYM applied",
            "rdfType": "http://purl.obolibrary.org/obo/AGRO_00010008",
            "description": "Approximate amount of FYM (farmyard manure) applied in that harvest year, fresh weight.  Top-dressed to winter wheat in February 1877-1906, ploughed in October before sowing 1907-1926."
          },
          {
            "name": "fym_n",
            "type": "number",
            "format": "default",
            "bareNumber": true,
            "title": "FYM N",
            "rdfType": "http://purl.obolibrary.org/obo/AGRO_00000158",
            "description": "Approximate amount of N in the FYM applied in that harvest year. No fertilizer N applied after 1926"
          },
          {
            "name": "rape_cake_factor_level",
            "type": "string",
            "format": "default",
            "title": "Rape Cake factor level",
            "rdfType": "https://schema.org/name",
            "description": "Code for the rape cake factor level applied in that harvest year. No rape cake applied after 1926"
          },
          {
            "name": "rape_cake_n",
            "type": "number",
            "format": "default",
            "bareNumber": true,
            "title": "Rape cake N",
            "rdfType": "http://purl.obolibrary.org/obo/AGRO_00000158",
            "description": "Amount of N applied as rape cake in that harvest year. No rape cake applied after 1926"
          },
          {
            "name": "n_factor_level",
            "type": "string",
            "format": "default",
            "title": "N factor level",
            "rdfType": "https://schema.org/name",
            "description": "Code for the inorganic nitrogen fertilizer factor level applied in that harvest year. No fertilizer N applied after 1926"
          },
          {
            "name": "fertilizer_n_amount",
            "type": "number",
            "format": "default",
            "bareNumber": true,
            "title": "Fertilizer N amount",
            "rdfType": "http://purl.obolibrary.org/obo/AGRO_00000158",
            "description": "Total inorganic nitrogen fertilizer applied in this harvest year. This does not include N in FYM or rape cake. No fertilizer N applied after 1926"
          },
          {
            "name": "p_factor_level",
            "type": "string",
            "format": "default",
            "title": "P factor level",
            "rdfType": "https://schema.org/name",
            "description": "Code for the phosphorous fertilizer factor level applied in that harvest year. No fertilizer P applied after 1926"
          },
          {
            "name": "p_amount",
            "type": "number",
            "format": "default",
            "bareNumber": true,
            "title": "Fertilizer P amount",
            "rdfType": "http://purl.obolibrary.org/obo/AGRO_00000160",
            "description": "Total inorganic phosphorous fertilizer applied in this harvest year. This does not include P in FYM or rape cake. No fertilizer P applied after 1926"
          },
          {
            "name": "k_factor_level",
            "type": "string",
            "format": "default",
            "title": "K factor level",
            "rdfType": "https://schema.org/name",
            "description": "Code for the potassium fertilizer factor level applied in that harvest year. No fertilizer K applied after 1926"
          },
          {
            "name": "k_amount",
            "type": "number",
            "format": "default",
            "bareNumber": true,
            "title": "Fertilizer K amount",
            "rdfType": "http://purl.obolibrary.org/obo/AGRO_00000201",
            "description": "Total inorganic potassium fertilizer applied in this harvest year. This does not include K in FYM or rape cake. No fertilizer K applied after 1926"
          },
          {
            "name": "na_factor_level",
            "type": "string",
            "format": "default",
            "title": "Na factor level",
            "rdfType": "https://schema.org/name",
            "description": "Code for the sodium fertilizer factor level applied in that harvest year. No fertilizer Na applied after 1926"
          },
          {
            "name": "na_amount",
            "type": "number",
            "format": "default",
            "bareNumber": true,
            "title": "Fertilizer Na amount",
            "rdfType": "http://purl.obolibrary.org/obo/AGRO_00000200",
            "description": "Total inorganic sodium fertilizer applied in this harvest year. This does not include Na in FYM or rape cake. No fertilizer Na applied after 1926"
          },
          {
            "name": "mg_factor_level",
            "type": "string",
            "format": "default",
            "title": "Mg factor level",
            "rdfType": "https://schema.org/name",
            "description": "Code for the magnesium fertilizer factor level applied in that harvest year. No fertilizer Mg applied after 1926"
          },
          {
            "name": "mg_amount",
            "type": "number",
            "format": "default",
            "bareNumber": true,
            "title": "Fertilizer Mg amount",
            "rdfType": "http://purl.obolibrary.org/obo/AGRO_00000174",
            "description": "Total inorganic magnesium fertilizer applied in this harvest year. This does not include Mg in FYM or rape cake. No fertilizer Mg applied after 1926"
          },
          {
            "name": "pH",
            "type": "string",
            "format": "default",
            "title": "soil pH",
            "rdfType": "http://aims.fao.org/aos/agrovoc/c_34901",
            "description": "Soil pH measured in water by quinhydrone electrode, using the technique of the Soil Reaction Committee of the International Society of Soil Science. All earlier samples re-analysed by the same method in 1932.",
            "missingValues": [
              "*"
            ]
          },
          {
            "name": "percent_c",
            "type": "string",
            "format": "default",
            "title": "percent soil carbon",
            "rdfType": "http://aims.fao.org/aos/agrovoc/c_389fe908",
            "description": "Soil total carbon in air-dried ground soil (0.5mm sieve), measured by the Bangor method. There was very little free calcium carbonate in the soil, so total carbon is equivalent to organic carbon.",
            "missingValues": [
              "*"
            ]
          },
          {
            "name": "percent_n",
            "type": "string",
            "format": "default",
            "title": "percent soil nitrogen",
            "rdfType": "http://aims.fao.org/aos/agrovoc/c_bdc779f4",
            "description": "Soil total nitrogen in air-dried ground soil (0.5mm sieve), measured by Kjeldahl digestion",
            "missingValues": [
              "*"
            ]
          },
          {
            "name": "c_n_ratio",
            "type": "string",
            "format": "default",
            "title": "soil carbon to nitrogen ratio",
            "description": "Ratio of total carbon to total nitrogen in the soil",
            "missingValues": [
              "*"
            ]
          },
          {
            "name": "exch_ca",
            "type": "string",
            "format": "default",
            "title": "exchangeable soil calcium",
            "description": "Exchangeable calcium in air-dried ground soil (0.5mm sieve), extracted with 0.5M acetic acid, precipitating the calcium as oxalate at pH 4.0-4.3 and titrating the oxalate with permanganate. All earlier samples re-analysed by this method in 1932. Converted from meq/per cent (milliequivalents per 100 grams of soil) to mg/kg, using a conversion factor of 200.",
            "missingValues": [
              "*"
            ]
          },
          {
            "name": "total_p",
            "type": "string",
            "format": "default",
            "title": "total soil P",
            "rdfType": "http://aims.fao.org/aos/agrovoc/c_ac4b3c22",
            "description": "Total soil P after fusion with sodium carbonate, by the Technicon AutoAnalyser, after the method of Salt (1968).  Analysed by Mattingly et al (1975), using archived soils from 1876, 1888, 1927 and 1932, main plots only.",
            "missingValues": [
              "*"
            ]
          },
          {
            "name": "org_p_ignition",
            "type": "string",
            "format": "default",
            "title": "organic P by ignition",
            "rdfType": "http://aims.fao.org/aos/agrovoc/c_4911ce06",
            "description": "Organic P by igntion, method of Saunders and Williams (1955). Ground soil was ignited at 500-550 degress C for 2 hours and extracted with 0.2N H2SO4 for 2 hours at room temperature.  Organic P was estimated as the difference between soluble P extracted from ignited and unignited soil. Analysed by Mattingly et al (1975), using archived soils from 1876, 1888, 1927 and 1932, main plots only.",
            "missingValues": [
              "*"
            ]
          },
          {
            "name": "org_p_extraction",
            "type": "string",
            "format": "default",
            "title": "organic P by extraction",
            "rdfType": "http://aims.fao.org/aos/agrovoc/c_4911ce06",
            "description": "Organic P by extraction, after Mehta et al (1955). Ground soil extracted with HCl, centrifuged then extracted with NaOH . Mattingly et al (1975) analysed archived soils from 1876, 1888, 1927 and 1932, main plots only.",
            "missingValues": [
              "*"
            ]
          },
          {
            "name": "note_id",
            "type": "integer",
            "format": "default",
            "bareNumber": true,
            "title": "Note identification",
            "description": "Whether notes are applied or not. See notes_data for details"
          }
        ],
        "missingValues": [
          ""
        ],
        "foreignKeys": [
          {
            "fields": "lime_factor_level",
            "reference": {
              "resource": "lime_factor_data",
              "fields": "factor_level_name"
            }
          },
          {
            "fields": "fym_factor_level",
            "reference": {
              "resource": "fym_factor_data",
              "fields": "factor_level_name"
            }
          },
          {
            "fields": "rape_cake_factor_level",
            "reference": {
              "resource": "rape_cake_factor_data",
              "fields": "factor_level_name"
            }
          },
          {
            "fields": "n_factor_level",
            "reference": {
              "resource": "n_factor_data",
              "fields": "factor_level_name"
            }
          },
          {
            "fields": "p_factor_level",
            "reference": {
              "resource": "p_factor_data",
              "fields": "factor_level_name"
            }
          },
          {
            "fields": "k_factor_level",
            "reference": {
              "resource": "k_factor_data",
              "fields": "factor_level_name"
            }
          },
          {
            "fields": "na_factor_level",
            "reference": {
              "resource": "na_factor_data",
              "fields": "factor_level_name"
            }
          },
          {
            "fields": "mg_factor_level",
            "reference": {
              "resource": "mg_factor_data",
              "fields": "factor_level_name"
            }
          },
          {
            "fields": "note_id",
            "reference": {
              "resource": "notes_data",
              "fields": "note_id"
            }
          }
        ]
      },
      "innerpath": "",
      "compression": "",
      "control": {},
      "dialect": {
        "delimiter": ",",
        "lineTerminator": "\r\n",
        "quoteChar": "\"",
        "doubleQuote": true,
        "skipInitialSpace": false
      },
      "layout": {
        "header": true,
        "headerRows": [
          1
        ],
        "headerJoin": " ",
        "headerCase": true
      },
      "title": "soil data",
      "description": "This is the main data table, containing the soil pH, percentage of total soil carbon (C) and nitrogen (N), phosphorus (P) and exchangeable calcium (Ca) in the topsoil (0-23cm) of the Woburn Continuous Wheat experiment, 1876 to 1932. Baseline measurements were taken in November 1876 before the start of the experiment. The soil was then sampled from each plot in 1888, 1927 and 1932. Selected plots were also sampled in  1898 and 1919.  Data expressed on an air-dried soil basis.  Also details of any fertilizer, manure and lime treatments applied in the sample year. No fertilizer, manure or lime applied after 1926. For full details of all fertilizer, manure and lime applications see Glendining, 2022a. Further detail on methods and sampling in fields_metadata and notes_data.  Carbon, N, pH and Ca data from Crowther, 1936; total and organic P data from Mattingly et al 1975. Winter wheat, sown in the autumn before the harvest year. "
    }
  ],
  "profile": "tabular-data-package",
  "id": "https://doi.org/10.23637/wxw6-soil7632-01",
  "name": "woburn-continuous-wheat-experiment-soil-data-1876-1932",
  "title": "Woburn Continuous Wheat Experiment soil data 1876-1932",
  "version": "1.0.0",
  "keywords": [
    "long term experiments",
    "soil organic carbon",
    "soil pH",
    "nitrogen content",
    "wheat",
    "Rothamsted Research",
    "Woburn Continuous Wheat experiment"
  ],
  "description": "### Abstract\nThis dataset contains the soil pH, percentage of total soil carbon (C) nitrogen (N) phosphorus (P) and exchangeable calcium (Ca) in the topsoil (0-23cm) of the Woburn Continuous Wheat experiment, 1876 to 1932. Baseline measurements were taken in November 1876 before the start of the experiment. The soil was then sampled from each plot in 1888, 1927 and 1932. Selected plots were also sampled in 1898 and 1919. The dataset also contains details of the fertilizer, manure and lime treatments applied 1876-1926. No fertilizer, manure or lime was applied after 1926. \r\nThe soil at Woburn contained little free calcium carbonate, and soil pH was 6.1 in 1876. Consequently, where ammonium sulphate was applied (plots 2, 5 and 8) the soil soon became acidic and yields declined markedly within 20 years. These were the first experiments in the UK where lime was applied to try to correct soil acidity.\r\n\r\nData from Crowther (1936) and Mattingly et al (1975), see Resource Provenance.\n### Methods\nThe Woburn Continuous Wheat experiment originally had 11 plots (1-11), with different fertilizer and manure treatments. Some plots were divided into sub-plots (a and b) from 1882, and into sub sub-plots (i and ii) from 1905, to test different treatments, mainly with and without lime. Full details are given in Related Documents.\r\n- **Soil pH** measured in water by quinhydrone electrode. Analysed in 1932 (earlier samples re-analysed).\r\n- **Soil C** total soil carbon, measured by the Bangor method. There is very little free calcium carbonate, so this is equivalent to soil organic carbon. \r\n- **Soil N** total soil nitrogen, measured by the Kjeldahl method.\r\n- **Exch Ca** exchangeable calcium extracted with 0.5M acetic acid. Analysed in 1932. \r\n- **Total P** total soil P by Technicon AutoAnalyser after fusion with sodium carbonate, method of Salt (1968). \r\n- **Org P_ignition** Organic P by ignition, method of Saunders and Williams (1955). \r\n- **Org P_extraction** Organic P by extraction with HCl then NaOH, method of Mehta et al (1955).\n### Technical Info\nData expressed on air-dried soil basis.  Ground soil, passed through a 0.5mm sieve. Soil samples in 1876, 1888 and 1898 taken with sample box 15cm x 15cm x 23cm deep, composite of three holes. 1927 sample cut by spade 23cm deep, 4-5 holes per plot combined into composite samples. 1932 sample taken with a small semi-cylindrical sampler, 20 holes per plot, soil combined into composite samples.\n### Other\nThe soil was relatively fertile at the start of the experiment, thought to be due to large FYM applications to the preceding arable rotation.  Soil fertility generally declined, except in plots given FYM. \r\nThe high C:N ratio of some wheat plots (eg Plot 7 and 8a) was due to the presence of coal and charcoal in the soil (Crowther, 1936, p 319). \r\n\r\n**Methods of Analysis references:**\r\n- Mehta, N.C., Legg, J.O., Goring, C.A.I. and Black, C.A. (1954). Determination of organic phosphorus in soils. I. Extraction method. Soil Science Society of America, Proceedings 18, 443-449 \r\n- Salt, P.D. (1968) The automatic determination of phosphorus in extracts of soils made with 0.5M sodium hydrogen carbonate and 0.01M calcium chloride. Chemistry and Industry, 584-586. \r\n- Saunders, W.M.H. and Williams, E.G. (1955). Observations on the determination of total organic phosphorus in soils. Journal of Soil Science, 6: 254-267.\n### Provenance\n- Soil C, N, pH and Ca data from Crowther, E. M. (1936) \"Chapter XXII. The soils of the Woburn plots. \", Fifty years of the field experiments at the Woburn Experimental Station. Rothamsted Monographs on Agricultural Science. (Russell E.J. and Voelcker J.A. (eds) - Longmans, Green and Co,), No. 7., 315-345. \r\n- Total and organic P data from Mattingly et al, 1975, main plots only.\n### Quality\nIn accordance with the Joint Code of Practice for Research at Rothamsted, data processing in e-RA follow rigorous standard operating procedures to ensure the quality and correctness of data collected in the field through to depositing in the e-RA database. To ensure quality control during data inputting, the data sets were typed on two separate occasions (double data entry). During the second typing (verification) the data values were compared with those typed on the earlier occasion, and any discrepancies were resolved before verification continued. This procedure also set out how to handle situations where the written records were illegible or ambiguous. This procedure avoided visual checking of data, which can be very inaccurate.\n",
  "contributors": [
    {
      "title": "Margaret Glendining",
      "path": "https://orcid.org/0000-0002-6466-4629",
      "organization": "Computational and Analytical Sciences, Rothamsted Research"
    },
    {
      "title": "Nathalie Castells-Brooke",
      "path": "https://orcid.org/0000-0003-0168-6254",
      "organization": "Computational and Analytical Sciences, Rothamsted Research"
    },
    {
      "title": "Sarah Perryman",
      "path": "https://orcid.org/0000-0002-0056-2754",
      "organization": "Computational and Analytical Sciences, Rothamsted Research"
    },
    {
      "title": "Andy Gregory",
      "path": "https://orcid.org/0000-0001-7123-0784",
      "organization": "Sustainable Agricultural Sciences, Rothamsted Research"
    },
    {
      "title": "Richard Ostler",
      "path": "https://orcid.org/0000-0002-1434-9495",
      "organization": "Computational and Analytical Sciences, Rothamsted Research"
    }
  ],
  "licenses": [
    {
      "name": "CC-BY-4.0",
      "path": "https://creativecommons.org/licenses/by/4.0/",
      "title": "Creative Commons Attribution 4.0 International"
    }
  ]
}