{
  "resources": [
    {
      "path": "notes_data.csv",
      "name": "notes_data",
      "profile": "tabular-data-resource",
      "scheme": "file",
      "format": "csv",
      "hashing": "md5",
      "stats": {
        "hash": "f44d0d0827c8754645d0cbecbbaa83a2",
        "bytes": 446,
        "fields": 2,
        "rows": 4
      },
      "encoding": "utf-8",
      "schema": {
        "fields": [
          {
            "name": "note_id",
            "type": "integer",
            "format": "default",
            "bareNumber": true,
            "title": "Note identification",
            "rdfType": "http://purl.obolibrary.org/obo/FBcv_0000210",
            "description": "Note number"
          },
          {
            "name": "description",
            "type": "string",
            "format": "default",
            "title": "Description",
            "rdfType": "http://schema.org/description",
            "description": "Additional explanatory notes for records in the crop_data_table"
          }
        ],
        "missingValues": [
          ""
        ],
        "primaryKey": "note_id"
      },
      "innerpath": "",
      "compression": "",
      "control": {},
      "dialect": {
        "delimiter": ",",
        "lineTerminator": "\r\n",
        "quoteChar": "\"",
        "doubleQuote": true,
        "skipInitialSpace": false
      },
      "layout": {
        "header": true,
        "headerRows": [
          1
        ],
        "headerJoin": " ",
        "headerCase": true
      },
      "title": "Notes",
      "description": "Additional explanatory notes for records in the soil_data table"
    },
    {
      "path": "soil_data.csv",
      "name": "soil_data",
      "profile": "tabular-data-resource",
      "scheme": "file",
      "format": "csv",
      "hashing": "md5",
      "stats": {
        "hash": "876cc1806e54b1e42547338405003ff8",
        "bytes": 2181,
        "fields": 11,
        "rows": 32
      },
      "encoding": "utf-8",
      "schema": {
        "fields": [
          {
            "name": "sample_year",
            "type": "year",
            "format": "yyyy",
            "bareNumber": true,
            "title": "Year in which soil sampled",
            "rdfType": "https://schema.org/Date",
            "description": "Year soil was sampled. Sampled eight times between 1959 and 2014."
          },
          {
            "name": "sub-plot",
            "type": "string",
            "format": "default",
            "bareNumber": true,
            "title": "Sub-plot",
            "rdfType": "http://purl.obolibrary.org/obo/STATO_0000448",
            "description": "The bare fallow area is divided into four sub-plots, 1 is at the North end of the plot, 4 is at the South end. Each sub-plot is approximately 7 x 12.5 m.  All sub-plots are treated the same way. See Notes 1 and 2"
          },
          {
            "name": "sample_date",
            "type": "date",
            "format": "dd/mm/yyyy",
            "title": "Date when soil sampled",
            "rdfType": "https://schema.org/Date",
            "description": "Soil sampled in summer/autumn, except in 1959 when it was sampled in December, before the grass was ploughed in.  Samples taken from each sub-plot with semi-cylindrical augers. See Notes 1 and 2"
          },
          {
            "name": "soil_weight",
            "type": "number",
            "format": "default",
            "bareNumber": true,
            "decimalChar": ".",
            "groupChar": "",
            "title": "Soil weight",
            "description": "Soil weight of air-dried fine soil, 0-23cm layer, stones removed. Soil samples taken with a 15.2 x 15.2 x 22.9cm box sampler in 1978 and 2000. Soil weights in 1978 and 2000 were 2.891 and 2.837 Mkg/ha respectively (mean = 2.864).  Soil weight was also determined from an adjacent area of grassland in 2000, to give an estimated starting value in 1959. It was assumed that there was a linear decline in soil weight from 1959 to 1978, soil weight was then assumed to remain the same for the remaining years, at 2.864 Mkg/ha."
          },
          {
            "name": "bulk_density",
            "type": "number",
            "format": "default",
            "bareNumber": true,
            "decimalChar": ".",
            "groupChar": "",
            "title": "Soil bulk density",
            "rdfType": "http://aims.fao.org/aos/agrovoc/c_7167",
            "description": "Bulk density of air-dried fine soil in 0-23cm layer (stones removed). Calculated from soil weight, to a standard 23cm depth."
          },
          {
            "name": "soil_pH",
            "type": "number",
            "format": "default",
            "bareNumber": true,
            "decimalChar": ".",
            "groupChar": "",
            "title": "Soil pH",
            "rdfType": "http://aims.fao.org/aos/agrovoc/c_34901",
            "description": "Soil pH in water, with a 1:2.5 soil:water suspension. Measured in air-dried soil, sieved <2mm."
          },
          {
            "name": "%N",
            "type": "number",
            "format": "default",
            "bareNumber": true,
            "decimalChar": ".",
            "groupChar": "",
            "title": "Soil % nitrogen",
            "rdfType": "http://aims.fao.org/aos/agrovoc/c_bdc779f4",
            "description": "% total nitrogen, analysis of air-dried soil ground to <2mm, 0-23cm. Samples from 1959 - 1987 were analysed by the Kjeldahl method. Samples from 2000 - 2014 were analysed by combustion, based on the Dumas method, using a LECO combustion system."
          },
          {
            "name": "N_stock",
            "type": "number",
            "format": "default",
            "bareNumber": true,
            "decimalChar": ".",
            "groupChar": "",
            "title": "Stock of soil N",
            "rdfType": "http://aims.fao.org/aos/agrovoc/c_bdc779f4",
            "description": "Stock of total soil Nitrogen, calculated from %N and estimated soil weight, 0-23cm"
          },
          {
            "name": "%SOC",
            "type": "number",
            "format": "default",
            "bareNumber": true,
            "decimalChar": ".",
            "groupChar": "",
            "title": "Soil organic carbon %",
            "rdfType": "http://aims.fao.org/aos/agrovoc/c_389fe908",
            "description": "% SOC, analysis of air-dried soil ground to <2mm, 0-23cm. Samples from 1959-1987 were analysed by the Tinsley method. Samples from 2000 - 2014 were analysed as total C by combustion (LECO) minus CaCO3-C by manometry."
          },
          {
            "name": "SOC_stock",
            "type": "number",
            "format": "default",
            "bareNumber": true,
            "decimalChar": ".",
            "groupChar": "",
            "title": "Stock of SOC",
            "rdfType": "http://aims.fao.org/aos/agrovoc/c_389fe908",
            "description": "Stock of soil organic carbon, calculated from %SOC and estimated soil weight, 0-23cm"
          },
          {
            "name": "note_id",
            "type": "integer",
            "format": "default",
            "title": "Note identification",
            "rdfType": "http://purl.obolibrary.org/obo/FBcv_0000210",
            "description": "Note number"
          }
        ],
        "missingValues": [
          ""
        ],
        "foreignKeys": [
          {
            "fields": "note_id",
            "reference": {
              "resource": "notes_data",
              "fields": "note_id"
            }
          }
        ]
      },
      "innerpath": "",
      "compression": "",
      "control": {},
      "dialect": {
        "delimiter": ",",
        "lineTerminator": "\r\n",
        "quoteChar": "\"",
        "doubleQuote": true,
        "skipInitialSpace": false
      },
      "layout": {
        "header": true,
        "headerRows": [
          1
        ],
        "headerJoin": " ",
        "headerCase": true
      },
      "title": "Soil chemistry data",
      "description": "The main data table containing soil chemistry data for the four sub-plots of the Highfield Bare Fallow experiment,  sampled eight times between 1959-2014. The experiment was established in 1959 by ploughing out very long-term grassland (since 1838). It has been kept bare since then by regular cultivation to suppress weeds. No crops are grown and there are no inputs of fertilizer or manure.  The 1959 data is from when the experiment was still under grassland.  The data includes soil organic carbon (SOC) and total soil nitrogen (N) as % and soil stock data; also soil weights and soil pH. Soil weights were measured in 1978 and 2000, and also in 2000 from an adjacent area of grassland, to give an estimated starting value in 1959. Soil weights were estimated in other years. "
    }
  ],
  "profile": "tabular-data-package",
  "id": "10.23637/rrs1-SOILCN1959-2014-1",
  "name": "dataset:-highfield-bare-fallow-soil-chemical-properties,-1959-2014",
  "title": "Dataset: Highfield Bare Fallow soil chemical properties, 1959-2014",
  "version": "1.0.0",
  "keywords": [
    "long term experiments",
    "soil organic carbon",
    "bare fallow",
    "Rothamsted Research"
  ],
  "description": "### Abstract\nSoil organic carbon (SOC) and total nitrogen (N) sub-plot data from the Highfield Bare Fallow experiment,  sampled eight times between 1959-2014. The experiment was ploughed out of old grassland (since 1838) in 1959 and has been kept in bare fallow since by cultivation to suppress weeds. No crops are grown. The data set contains SOC and total N as % and soil stock data, soil weights and soil pH in the topsoil (0-23cm).\n### Methods\nThe soil was sampled eight times between 1959 and 2014, in the summer/autumn, except in 1959 when it was sampled in December, before the grass was ploughed in.  There are four sub-plots. The stock of total soil N and SOC was calculated from %N and %SOC and the estimated soil weight, 0-23cm. %N and %SOC were  measured on air-dried soil, ground to <2mm.\n### Technical Info\nSoil pH was measured in water, with a 1:2.5 soil:water suspension, in air-dried soil, sieved <2mm. Samples were analysed for %N by the Kjeldahl method (Bremner, 1965), 1959-1987, and by LECO combustion, based on the Dumas method, 2000-2014.  SOC was measured by the Tinsley method (Kalembasa & Jenkinson, 1973) 1959-1987, and as total C by combustion (LECO) minus CaCO<sub>3</sub>-C by manometry, 2000-2014. Soil weights were measured in 1978 and 2000 and also in 2000 from an adjacent area of grassland, to give an estimate of starting value in 1959. Stocks of SOC and total N were calculated from %SOC and %N and estimated soil weight, 0-23cm.\n### Other\n- Bremner, J. M. (1965). Total nitrogen. In Methods of Soil Analysis. Part 2 (ed. C. A. Black), pp. 1149-1178. Madison: American Society of Agronomy.\r\n- Kalembasa, S.J and Jenkinson, D.S (1973) A comparative study of titrimetric and gravimetric methods for the determination of organic carbon in soil. Journal of the Science of Food and Agriculture 24: 1085-1090.\n### Provenance\nThis dataset is derived from measurements made by the Analytical Chemistry Unit, Rothamsted Research, Harpenden.\n### Quality\nThe Analytical Chemistry Unit follows the Joint Code of Practice (JCoPR) and participates in European Quality Assurance programmes. All performance is strictly monitored using certified external standards alongside in-house standard materials. Standards and check samples are monitored and recorded.\n",
  "contributors": [
    {
      "title": "Andrew Macdonald",
      "path": "https://orcid.org/0000-0002-1785-4892",
      "organization": "Sustainable Agricultural Sciences, Rothamsted Research"
    },
    {
      "title": "Paul Poulton",
      "path": "https://orcid.org/0000-0002-5720-064X",
      "organization": "Sustainable Agricultural Sciences, Rothamsted Research"
    },
    {
      "title": "Andy Gregory",
      "path": "https://orcid.org/0000-0001-7123-0784",
      "organization": "Sustainable Agricultural Sciences, Rothamsted Research"
    },
    {
      "title": "Margaret Glendining",
      "path": "https://orcid.org/0000-0002-6466-4629",
      "organization": "Computational and Analytical Sciences, Rothamsted Research"
    },
    {
      "title": "Richard Ostler",
      "path": "https://orcid.org/0000-0002-1434-9495",
      "organization": "Computational and Analytical Sciences, Rothamsted Research"
    },
    {
      "title": "Nathalie Castells-Brooke",
      "path": "https://orcid.org/0000-0003-0168-6254",
      "organization": "Computational and Analytical Sciences, Rothamsted Research"
    },
    {
      "title": "Sarah Perryman",
      "path": "https://orcid.org/0000-0002-0056-2754",
      "organization": "Computational and Analytical Sciences, Rothamsted Research"
    },
    {
      "title": "Ruth Skilton",
      "organization": "Computational and Analytical Sciences, Rothamsted Research"
    },
    {
      "title": "Wendy Wilmer",
      "path": "https://orcid.org/0000-0002-6463-6636",
      "organization": "Computational and Analytical Sciences, Rothamsted Research"
    },
    {
      "title": "Melanie Brookman",
      "path": "https://orcid.org/0000-0001-6085-9288",
      "organization": "Computational and Analytical Sciences, Rothamsted Research"
    },
    {
      "title": "Jeanne Day",
      "organization": "Computational and Analytical Sciences, Rothamsted Research"
    }
  ],
  "licenses": [
    {
      "name": "CC-BY-4.0",
      "path": "https://creativecommons.org/licenses/by/4.0/",
      "title": "Creative Commons Attribution 4.0 International"
    }
  ]
}