site,plot_id,plot,split_plot,sub_plot,sample_year,treatments,n_factor_level,n_rate,p_factor_level,p_rate,k_factor_level,k_rate,mg_factor_level,mg_rate,na_factor_level,na_rate,si_factor_level,si_rate,liming_factor_level,liming_rate,fym_factor_level,fym_rate,fm_factor_level,fm_n_rate,pm_factor_level,pm_n_rate,Achillea millefolium,Agrimonia eupatorium,Agrostis capillaris,Agrostis stolonifera,Ajuga reptans,Alopecurus pratensis,Anthoxanthum odoratum,Anthriscus sylvestris,Arrhenatherum elatius,Briza media,Bromus hordeaceus,Bryophyta,Carex caryophyllea,Carex flacca,Centaura nigra,Cerastium fontanum,Conopodium majus,Crepis capillaris,Cynosurus cristatus,Dactylis glomerata,Deschampsia cespitosa,Elytriga repens,Festuca pratensis,Festuca rubra,Fraxinus excelsior,Fritillaria meleagris,Galium verum,Helictotrichon pubescens,Heracleum sphondylium,Holcus lanatus,Hypochaeris radicata,Lathyrus pratensis,Leontodon autumnalis,Leontodon hispidus,Lolium perenne,Lotus corniculatus,Luzula campestris,Phleum pratense,Pilosella officinarum,Pimpinella saxifraga,Plantago lanceolata,Poa annua,Poa pratensis,Poa trivalis,Potentilla reptans,Potentilla sterilis,Prunella vulgaris,Prunus spinosa,Quercus robur,Ranunculus acris,Ranunculus auricomus,Ranunculus bulbosus,Ranunculus ficaria,Ranunculus repens,Rosa canina,Rumex acetosa,Sanguisorba minor,Stachys officinalis,Stellaria graminea,Stellaria media,Taraxacum officinale,Tragopogon pratensis,Trifolium pratense,Trifolium repens,Trisetum flavescens,Veronica chamaedrys,Vicia sepium,Unidentified,note_id
Rothamsted,1b,1,*,b,2010,N1,N1,48,0,0,0,0,0,0,0,0,0,0,b,0.000,0,0,0,0,0,0,3.992,0.000,4.315,0.000,0.176,0.000,3.378,0.000,3.140,24.501,0.000,0.000,0.000,0.000,8.934,0.529,0.651,0.000,0.000,2.690,0.000,0.000,0.000,9.092,0.000,0.000,0.000,3.006,0.000,1.680,0.000,0.000,0.103,16.650,0.000,0.000,0.274,0.000,0.000,4.102,10.960,0.000,0.103,0.000,0.000,0.000,0.000,0.000,0.000,0.779,0.000,0.000,0.000,0.000,0.000,0.000,0.000,0.000,0.000,0.000,0.694,0.000,0.250,0.000,0.000,0.000,0.000,25.292,1
Rothamsted,1d,1,*,d,2010,N1,N1,48,0,0,0,0,0,0,0,0,0,0,d,0.000,0,0,0,0,0,0,0.000,0.000,55.670,0.000,0.000,0.000,33.175,0.000,0.000,0.000,0.000,0.000,0.000,0.000,0.000,0.000,0.000,0.000,0.000,0.000,0.000,0.000,0.000,0.521,0.000,0.000,0.000,0.000,0.000,0.000,0.000,0.000,0.000,0.031,0.000,0.000,10.604,0.000,0.000,0.000,0.000,0.000,0.000,0.000,0.000,0.000,0.000,0.000,0.000,0.000,0.000,0.000,0.000,0.000,0.000,0.000,0.000,0.000,0.000,0.000,0.000,0.000,0.000,0.000,0.000,0.000,0.000,45.449,1
Rothamsted,2-1b,2,1.000,b,2010,K,0,0,0,0,K,225,0,0,0,0,0,0,b,0.000,0,0,0,0,0,0,2.114,0.000,2.185,0.000,0.047,0.102,3.260,0.000,1.141,3.295,0.129,0.000,0.000,0.078,6.492,0.070,0.297,0.000,0.000,1.411,0.000,0.000,0.000,10.603,0.000,0.000,0.000,3.475,0.000,4.393,0.000,2.959,0.000,27.116,0.000,3.979,0.606,0.000,0.004,2.900,6.664,0.000,0.387,0.000,0.000,0.000,0.000,0.000,0.000,1.501,0.000,0.000,0.000,0.000,0.000,0.094,0.012,0.000,0.000,0.000,0.227,0.000,13.605,0.696,0.160,0.000,0.000,0.000,1
Rothamsted,2-1d,2,1.000,d,2010,K,0,0,0,0,K,225,0,0,0,0,0,0,d,0.000,0,0,0,0,0,0,6.837,0.000,20.447,0.000,1.958,0.000,2.241,0.000,0.000,3.593,0.000,0.000,0.744,0.437,4.847,0.010,0.000,0.000,0.000,0.129,0.000,0.000,0.000,28.425,0.000,0.000,0.000,0.081,0.000,0.922,4.758,0.000,0.000,4.175,0.000,0.000,0.890,0.000,0.000,2.484,5.785,0.000,0.000,0.000,0.000,0.000,0.000,0.000,0.000,0.987,0.000,0.000,0.000,0.000,0.000,0.178,0.000,9.952,0.000,0.000,0.105,0.000,0.016,0.000,0.000,0.000,0.000,0.000,1
Rothamsted,2-2b,2,2.000,b,2010,Nil,0,0,0,0,0,0,0,0,0,0,0,0,b,0.000,0,0,0,0,0,0,1.783,0.000,1.480,0.000,0.610,1.672,3.092,0.000,0.844,2.546,0.000,0.000,0.853,0.000,10.560,0.175,0.486,0.000,0.000,2.265,0.000,0.000,0.000,6.538,0.000,0.000,0.000,1.680,0.000,2.128,0.000,5.233,0.000,20.010,0.051,12.833,0.465,0.000,0.000,0.631,6.602,0.000,0.264,0.000,0.055,0.000,0.000,0.000,0.000,0.870,0.000,0.000,0.000,0.000,0.000,0.243,11.071,0.000,0.000,0.000,0.115,0.000,2.994,1.851,0.000,0.000,0.000,15.519,1
Rothamsted,2-2d,2,2.000,d,2010,Nil,0,0,0,0,0,0,0,0,0,0,0,0,d,0.000,0,0,0,0,0,0,8.026,0.000,14.570,0.000,1.628,0.000,1.887,0.000,0.065,2.000,0.000,0.000,3.661,0.454,9.727,0.162,0.000,0.000,0.000,2.049,0.000,0.000,0.000,28.177,0.000,0.000,0.000,0.000,0.000,0.543,0.000,0.000,0.000,5.872,0.000,0.745,0.445,0.000,3.353,0.867,13.428,0.000,0.032,0.000,0.000,0.000,0.000,0.024,1.417,0.000,0.000,0.089,0.000,0.000,0.000,0.000,0.000,0.000,0.000,0.000,0.421,0.000,0.283,0.000,0.000,0.073,0.000,39.718,1
Rothamsted,3a,3,*,a,2010,Nil,0,0,0,0,0,0,0,0,0,0,0,0,a,0.000,0,0,0,0,0,0,1.897,0.000,2.269,0.000,0.171,0.526,1.397,0.000,0.377,1.371,0.000,0.000,0.039,5.327,6.610,0.197,0.000,0.000,0.000,2.458,0.136,0.000,0.000,10.128,0.000,0.000,0.000,5.923,0.000,2.068,0.000,0.591,0.000,12.134,0.302,20.322,1.095,0.000,0.000,1.192,4.310,0.000,0.613,0.337,0.000,0.000,0.000,0.000,0.000,2.085,0.000,0.000,0.000,0.000,0.000,0.013,10.198,0.000,0.000,0.000,0.184,0.556,4.100,0.679,0.000,0.394,0.000,21.206,1
Rothamsted,3b,3,*,b,2010,Nil,0,0,0,0,0,0,0,0,0,0,0,0,b,0.000,0,0,0,0,0,0,2.888,0.000,2.364,0.000,0.374,1.792,2.302,0.000,1.246,2.117,0.000,0.000,0.370,1.118,3.676,0.136,0.092,0.000,0.000,1.211,0.000,0.000,0.000,8.346,0.000,0.000,0.000,4.996,0.000,1.461,0.000,0.423,0.339,16.534,0.088,16.917,0.907,0.000,0.000,0.916,10.913,0.000,0.511,0.101,0.000,0.000,0.000,0.000,0.000,2.025,0.000,0.000,0.000,0.000,0.000,1.431,8.381,0.000,0.000,0.000,0.304,0.000,5.194,0.132,0.000,0.396,0.000,22.362,1
Rothamsted,3c,3,*,c,2010,Nil,0,0,0,0,0,0,0,0,0,0,0,0,c,0.000,0,0,0,0,0,0,1.230,0.000,12.208,0.000,0.169,0.000,0.900,0.000,0.000,1.877,0.014,0.000,4.161,1.272,6.536,0.070,0.000,0.000,0.000,0.000,0.000,0.000,0.000,26.680,0.000,0.000,0.000,0.105,0.000,0.098,0.373,0.169,0.000,22.624,0.000,6.522,0.872,0.000,5.911,1.132,3.156,0.000,0.000,0.000,0.028,0.000,0.000,0.000,0.000,0.893,0.000,0.000,0.028,0.000,0.000,0.000,0.000,0.000,0.000,0.000,0.063,0.000,2.910,0.000,0.000,0.000,0.000,56.389,1
Rothamsted,3d,3,*,d,2010,Nil,0,0,0,0,0,0,0,0,0,0,0,0,d,0.000,0,0,0,0,0,0,8.245,0.000,16.986,0.000,1.071,0.000,4.487,0.000,0.049,4.945,0.000,0.000,0.263,1.421,7.018,0.000,0.467,0.000,0.000,2.219,0.000,0.000,0.000,16.519,0.000,0.000,0.000,0.526,0.000,1.042,3.086,0.165,1.081,10.114,0.000,2.404,0.409,0.000,4.487,1.100,9.501,0.000,0.000,0.136,0.058,0.000,0.000,0.000,0.000,0.341,0.000,0.000,0.905,0.000,0.000,0.000,0.000,0.000,0.000,0.000,0.049,0.000,0.905,0.000,0.000,0.000,0.000,47.990,1
Rothamsted,7b,7,*,b,2010,PKNaMg,0,0,P,35,K,225,Mg,10,Na,15,0,0,b,0.000,0,0,0,0,0,0,0.055,0.000,0.000,0.000,0.000,2.154,0.163,0.599,34.845,0.000,0.078,0.000,0.000,0.000,2.630,1.331,0.218,0.000,0.000,4.495,0.000,0.000,0.000,0.145,0.000,0.000,0.000,0.000,1.193,0.303,0.000,3.585,0.000,0.000,0.075,0.000,0.000,0.486,0.000,0.000,10.763,0.000,0.000,2.021,0.000,0.000,0.000,0.000,0.000,1.487,0.000,0.000,0.000,0.000,0.000,2.026,0.000,0.000,0.000,0.000,0.276,0.000,29.984,0.000,0.000,1.088,0.000,9.692,1
Rothamsted,7d,7,*,d,2010,PKNaMg,0,0,P,35,K,225,Mg,10,Na,15,0,0,d,0.000,0,0,0,0,0,0,6.402,0.000,8.640,0.000,0.023,3.908,6.584,0.268,0.010,0.000,0.105,0.000,0.000,0.000,10.119,0.000,0.200,0.000,0.000,1.165,0.000,0.000,0.000,9.974,0.000,0.000,0.000,0.000,0.023,1.829,0.000,4.441,0.259,2.248,0.000,2.284,0.300,0.000,0.000,0.000,21.239,0.000,0.319,0.268,0.000,0.000,0.000,0.000,0.000,0.005,0.000,0.000,0.000,0.000,0.000,0.309,0.000,0.000,0.000,0.000,0.114,0.000,10.074,8.891,0.000,0.000,0.000,17.417,1
Rothamsted,9-1a,9,1.000,a,2010,N2PKNaMg,(N2),0,P,35,K,225,Mg,10,Na,15,0,0,a,0.000,0,0,0,0,0,0,0.287,0.000,0.555,0.000,0.000,0.869,0.146,3.518,13.995,0.000,0.000,0.000,0.000,0.000,0.000,2.174,0.422,0.000,0.000,3.697,0.000,0.000,0.000,1.647,0.000,0.000,0.000,0.770,5.930,2.389,0.000,11.302,0.000,0.000,0.610,0.000,0.000,0.000,0.000,0.000,12.792,0.006,0.312,2.172,0.000,0.000,0.000,0.000,0.000,3.170,0.000,0.000,0.000,0.000,0.000,1.305,0.000,0.000,0.000,0.000,4.172,0.052,27.708,0.000,0.000,0.000,0.000,13.545,1
Rothamsted,9-1b,9,1.000,b,2010,N2PKNaMg,(N2),0,P,35,K,225,Mg,10,Na,15,0,0,b,0.000,0,0,0,0,0,0,0.000,0.000,0.000,0.000,0.000,4.457,1.763,0.731,12.180,0.000,0.084,0.000,0.000,0.000,0.028,2.042,1.130,0.000,0.000,1.208,0.000,0.000,0.000,3.400,0.000,0.000,0.000,0.000,0.996,0.672,0.000,6.568,0.000,0.025,0.167,0.126,0.100,0.000,0.000,0.000,16.509,0.000,1.065,2.134,0.000,0.000,0.000,0.000,0.000,1.489,0.000,0.000,0.000,0.000,0.000,1.205,0.000,0.000,0.000,0.109,1.869,0.279,39.295,0.371,0.000,0.000,0.000,11.516,1
Rothamsted,9-1c,9,1.000,c,2010,N2PKNaMg,(N2),0,P,35,K,225,Mg,10,Na,15,0,0,c,0.000,0,0,0,0,0,0,1.581,0.000,4.727,0.000,0.000,3.807,2.424,0.265,9.652,0.000,0.634,0.000,0.000,0.000,0.000,1.003,0.245,0.000,0.165,1.209,0.000,0.000,0.000,6.175,0.000,0.000,0.000,0.262,2.743,3.152,0.000,3.739,0.000,3.253,0.000,0.000,0.018,0.000,0.000,0.000,8.110,0.003,0.852,0.829,0.000,0.000,0.000,0.000,0.000,3.256,0.000,0.000,0.000,0.000,0.000,0.770,0.000,0.000,0.000,0.000,0.298,4.518,36.311,0.000,0.000,0.000,0.000,14.544,1
Rothamsted,9-1d,9,1.000,d,2010,N2PKNaMg,(N2),0,P,35,K,225,Mg,10,Na,15,0,0,d,0.000,0,0,0,0,0,0,0.000,0.000,38.389,0.000,0.000,0.000,58.436,0.000,0.000,0.000,0.000,0.000,0.000,0.000,0.000,0.000,0.000,0.000,0.000,0.000,0.000,0.000,0.000,0.112,0.000,0.000,0.000,0.000,0.000,3.063,0.000,0.000,0.000,0.000,0.000,0.000,0.000,0.000,0.000,0.000,0.000,0.000,0.000,0.000,0.000,0.000,0.000,0.000,0.000,0.000,0.000,0.000,0.000,0.000,0.000,0.000,0.000,0.000,0.000,0.000,0.000,0.000,0.000,0.000,0.000,0.000,0.000,64.158,1
Rothamsted,9-2a,9,2.000,a,2010,N2+(N2)PKNaMg,N2,96,P,35,K,225,Mg,10,Na,15,0,0,a,0.000,0,0,0,0,0,0,0.000,0.000,0.000,0.000,0.000,8.517,0.125,3.049,30.140,0.000,0.268,0.000,0.000,0.000,0.000,0.903,0.049,0.000,0.000,6.847,0.000,0.000,0.000,2.526,0.000,0.000,0.000,0.000,4.866,2.489,0.000,6.618,0.000,0.000,0.176,0.000,0.000,0.000,0.000,0.000,2.089,0.033,0.092,6.097,0.000,0.000,0.000,0.000,0.000,1.866,0.000,0.000,0.000,0.000,0.000,1.899,0.000,0.000,0.000,0.000,4.214,1.460,15.674,0.000,0.000,0.000,0.000,14.530,1
Rothamsted,9-2b,9,2.000,b,2010,N2+(N2)PKNaMg,N2,96,P,35,K,225,Mg,10,Na,15,0,0,b,0.000,0,0,0,0,0,0,0.000,0.000,0.000,0.000,0.000,4.293,0.390,4.198,34.975,0.000,0.000,0.000,0.000,0.000,0.000,1.183,0.101,0.000,0.000,3.370,0.000,0.000,0.000,3.914,0.000,0.000,0.000,0.000,4.630,2.432,0.000,0.587,0.000,0.000,0.125,0.000,0.000,0.324,0.000,0.000,2.312,0.000,2.200,6.013,0.000,0.000,0.000,0.000,0.000,0.795,0.000,0.000,0.000,0.000,0.000,3.539,0.000,0.000,0.000,0.000,3.263,1.163,20.192,0.000,0.000,0.000,0.000,14.964,1
Rothamsted,9-2c,9,2.000,c,2010,N2+(N2)PKNaMg,N2,96,P,35,K,225,Mg,10,Na,15,0,0,c,0.000,0,0,0,0,0,0,0.000,0.000,17.659,0.000,0.000,5.560,0.955,0.421,8.965,0.000,0.112,0.000,0.000,0.000,0.000,0.215,0.000,0.000,0.000,0.685,0.000,0.000,0.000,27.448,0.000,0.000,0.000,0.176,1.078,9.173,0.000,0.467,0.000,0.000,0.000,0.000,0.000,0.000,0.000,0.000,0.121,0.018,1.060,0.886,0.000,0.000,0.000,15.257,0.000,0.000,0.000,0.726,0.000,0.000,0.000,2.725,0.000,0.000,0.000,0.000,0.231,0.602,5.459,0.000,0.000,0.000,0.000,0.000,1
Rothamsted,9-2d,9,2.000,d,2010,N2+(N2)PKNaMg,N2,96,P,35,K,225,Mg,10,Na,15,0,0,d,0.000,0,0,0,0,0,0,0.000,0.000,1.350,0.000,0.000,0.000,29.341,0.000,0.000,0.000,0.000,0.000,0.000,0.000,0.000,0.000,0.000,0.000,0.000,0.000,0.000,0.000,0.000,0.000,0.000,0.000,0.000,0.000,0.000,69.309,0.000,0.000,0.000,0.000,0.000,0.000,0.000,0.000,0.000,0.000,0.000,0.000,0.000,0.000,0.000,0.000,0.000,0.000,0.000,0.000,0.000,0.000,0.000,0.000,0.000,0.000,0.000,0.000,0.000,0.000,0.000,0.000,0.000,0.000,0.000,0.000,0.000,12.935,1
Rothamsted,10b,10,*,b,2010,N2+PNaMg,N2,96,P,35,0,0,Mg,10,Na,15,0,0,b,0.000,0,0,0,0,0,0,0.000,0.000,7.717,0.000,0.000,0.110,11.448,0.000,2.079,0.000,0.000,0.000,0.000,0.000,0.000,0.465,0.000,0.000,0.000,0.000,0.000,0.000,0.000,46.372,0.000,0.000,0.000,0.000,0.000,18.524,0.000,0.000,0.000,0.000,0.000,0.000,0.000,0.000,0.000,0.000,3.756,0.000,0.308,0.871,0.000,0.000,0.000,0.000,0.000,1.644,0.000,0.000,0.000,0.000,0.000,6.333,0.000,0.000,0.000,0.000,0.373,0.000,0.000,0.000,0.000,0.000,0.000,27.277,1
Rothamsted,10d,10,*,d,2010,N2+PNaMg,N2,96,P,35,0,0,Mg,10,Na,15,0,0,d,0.000,0,0,0,0,0,0,0.000,0.000,12.373,0.000,0.000,0.000,68.691,0.000,0.079,0.000,0.000,0.000,0.000,0.000,0.000,0.000,0.000,0.000,0.000,0.000,0.000,0.000,0.000,0.000,0.000,0.000,0.000,0.000,0.000,18.857,0.000,0.000,0.000,0.000,0.000,0.000,0.000,0.000,0.000,0.000,0.000,0.000,0.000,0.000,0.000,0.000,0.000,0.000,0.000,0.000,0.000,0.000,0.000,0.000,0.000,0.000,0.000,0.000,0.000,0.000,0.000,0.000,0.000,0.000,0.000,0.000,0.000,24.414,1
Rothamsted,11-1b,11,1.000,b,2010,N3+PKNaMg,N3,144,P,35,K,225,Mg,10,Na,15,0,0,b,0.000,0,0,0,0,0,0,0.000,0.000,0.000,0.000,0.000,11.709,0.026,4.968,44.987,0.000,0.855,0.000,0.000,0.000,0.000,0.175,0.000,0.000,0.000,18.280,0.000,0.000,0.000,0.032,0.000,0.000,0.000,0.000,1.689,7.006,0.000,0.000,0.000,0.000,0.000,0.000,0.000,0.000,0.000,0.000,0.000,0.000,0.000,5.092,0.000,0.000,0.000,0.000,0.000,0.000,0.000,0.000,0.000,0.000,0.000,1.421,0.000,0.000,0.000,0.000,2.957,0.000,0.803,0.000,0.000,0.000,0.000,23.565,1
Rothamsted,11-1d,11,1.000,d,2010,N3+PKNaMg,N3,144,P,35,K,225,Mg,10,Na,15,0,0,d,0.000,0,0,0,0,0,0,0.000,0.000,0.000,0.000,0.000,0.000,0.000,0.000,0.000,0.000,0.000,0.000,0.000,0.000,0.000,0.000,0.000,0.000,0.000,0.000,0.000,0.000,0.000,0.000,0.000,0.000,0.000,0.000,0.000,100.000,0.000,0.000,0.000,0.000,0.000,0.000,0.000,0.000,0.000,0.000,0.000,0.000,0.000,0.000,0.000,0.000,0.000,0.000,0.000,0.000,0.000,0.000,0.000,0.000,0.000,0.000,0.000,0.000,0.000,0.000,0.000,0.000,0.000,0.000,0.000,0.000,0.000,2.577,1
Rothamsted,11-2b,11,2.000,b,2010,N3+PKNaMgSi,N3,144,P,35,K,225,Mg,10,Na,15,Si,135,b,0.000,0,0,0,0,0,0,0.000,0.000,0.000,0.000,0.000,29.333,0.000,2.841,39.798,0.000,0.154,0.000,0.000,0.000,0.000,0.712,0.000,0.000,0.000,12.603,0.000,0.000,0.000,0.000,0.000,0.000,0.000,0.000,2.655,0.725,0.000,0.000,0.000,0.000,0.000,0.000,0.000,0.000,0.000,0.000,0.120,0.000,0.000,9.202,0.000,0.000,0.000,0.000,0.000,0.125,0.000,0.000,0.000,0.000,0.000,1.590,0.000,0.000,0.000,0.000,0.131,0.000,0.010,0.000,0.000,0.000,0.000,10.626,1
Rothamsted,11-2d,11,2.000,d,2010,N3+PKNaMgSi,N3,144,P,35,K,225,Mg,10,Na,15,Si,135,d,0.000,0,0,0,0,0,0,0.000,0.000,1.060,0.000,0.000,0.000,0.132,0.000,0.000,0.000,0.000,0.000,0.000,0.000,0.000,0.000,0.000,0.000,0.000,0.000,0.000,0.000,0.000,0.000,0.000,0.000,0.000,0.000,0.000,98.808,0.000,0.000,0.000,0.000,0.000,0.000,0.000,0.000,0.000,0.000,0.000,0.000,0.000,0.000,0.000,0.000,0.000,0.000,0.000,0.000,0.000,0.000,0.000,0.000,0.000,0.000,0.000,0.000,0.000,0.000,0.000,0.000,0.000,0.000,0.000,0.000,0.000,4.125,1
Rothamsted,13-1b,13,1.000,b,2010,(FYM/FM),0,0,0,0,0,0,0,0,0,0,0,0,b,0.000,(FYM),0,(FM),0,0,0,0.678,0.000,5.524,0.000,1.727,0.829,4.297,0.225,14.811,0.000,0.000,0.000,0.000,0.000,0.000,1.366,0.136,0.000,0.000,4.058,0.000,2.754,0.000,1.845,0.000,0.000,0.000,0.217,1.175,1.970,0.022,13.146,0.000,2.040,0.453,0.000,0.000,0.000,0.000,0.000,20.762,0.000,0.840,0.711,0.000,0.000,0.000,0.000,0.000,3.786,0.000,0.000,0.000,0.000,0.000,0.166,0.000,0.000,0.092,0.000,0.446,0.000,14.494,0.000,0.000,1.432,0.000,23.063,"1, 2"
Rothamsted,13-1d,13,1.000,d,2010,(FYM/FM),0,0,0,0,0,0,0,0,0,0,0,0,d,0.000,(FYM),0,(FM),0,0,0,9.857,0.000,15.181,0.000,0.000,0.225,3.848,0.000,0.000,0.000,0.000,0.000,0.000,0.000,0.025,0.285,0.000,0.000,0.000,0.771,0.000,0.000,0.000,7.040,0.000,0.000,0.000,0.000,0.000,3.222,10.263,2.417,0.000,9.607,0.000,0.000,0.050,0.000,0.000,0.000,19.465,0.000,0.350,0.000,0.000,0.000,0.000,0.000,0.000,2.947,0.000,0.100,0.000,0.000,0.000,0.205,0.000,0.000,0.165,0.000,0.365,0.355,13.255,0.000,0.000,0.000,0.000,37.758,"1, 2"
Rothamsted,13-2b,13,2.000,b,2010,FYM/FM,0,0,0,0,0,0,0,0,0,0,0,0,b,0.000,FYM,0,0,0,0,0,0.000,0.000,0.342,0.000,0.201,9.697,0.216,3.661,15.609,0.000,0.000,0.000,0.000,0.000,0.000,0.243,0.000,0.000,0.000,9.124,0.000,14.782,0.000,4.920,0.000,0.000,0.000,0.000,2.683,7.184,0.000,16.587,0.000,0.000,0.000,0.000,0.000,0.000,0.000,0.000,1.151,0.000,0.426,1.793,0.000,0.000,0.000,0.000,0.000,6.461,0.000,0.000,0.000,0.000,0.009,1.358,0.000,0.000,0.309,0.000,1.367,0.000,1.805,0.000,0.000,0.072,0.000,19.012,"1, 2"
Rothamsted,13-2d,13,2.000,d,2010,FYM/FM,0,0,0,0,0,0,0,0,0,0,0,0,d,0.000,FYM,0,0,0,0,0,5.772,0.000,33.436,0.000,0.000,4.945,8.371,0.000,0.451,0.000,0.000,0.000,0.000,0.000,1.343,0.976,0.553,0.000,0.000,2.370,0.000,0.000,0.000,14.241,0.000,0.000,0.000,0.000,0.223,6.549,0.000,0.000,0.000,0.074,0.000,0.000,0.000,0.000,0.000,0.014,5.842,0.000,0.344,0.469,0.000,0.000,0.000,0.000,0.000,6.140,0.000,0.000,0.000,0.000,0.000,0.623,0.000,0.000,3.421,0.000,1.339,1.422,1.083,0.000,0.000,0.000,0.000,26.218,"1, 2"
Rothamsted,14-1a,14,1.000,a,2010,(N*2)PKNaMg,(N*2),0,P,35,K,225,Mg,10,Na,15,0,0,a,0.000,0,0,0,0,0,0,0.574,0.000,0.000,0.000,0.000,0.663,1.527,0.361,13.974,0.000,0.542,0.000,0.000,0.000,0.000,1.007,0.089,0.000,0.000,0.618,0.000,0.000,0.000,2.515,0.000,0.000,0.000,2.254,18.416,1.217,0.000,0.767,0.000,0.000,0.000,0.051,0.000,0.000,0.000,0.000,6.413,0.002,0.561,3.127,0.000,0.000,0.000,0.000,0.000,1.402,0.000,0.000,0.000,0.000,0.000,0.758,0.000,0.000,0.000,0.000,1.402,0.038,18.692,23.030,0.000,0.000,0.000,11.737,1
Rothamsted,14-1b,14,1.000,b,2010,(N*2)PKNaMg,(N*2),0,P,35,K,225,Mg,10,Na,15,0,0,b,0.000,0,0,0,0,0,0,0.043,0.000,0.000,0.000,0.000,6.479,0.522,1.498,5.794,0.000,0.173,0.000,0.000,0.000,0.000,0.000,0.000,0.000,0.000,0.709,0.000,0.000,0.000,7.649,0.000,0.000,0.000,0.000,9.947,1.462,0.000,12.983,0.000,0.000,0.427,0.000,0.000,0.000,0.000,0.000,10.944,0.000,1.289,2.113,0.024,0.000,0.000,0.000,0.000,4.970,0.000,0.000,0.000,0.000,0.000,1.752,0.000,0.000,0.000,0.000,1.359,0.000,29.864,0.000,0.000,0.000,0.000,15.856,1
Rothamsted,14-1c,14,1.000,c,2010,(N*2)PKNaMg,(N*2),0,P,35,K,225,Mg,10,Na,15,0,0,c,0.000,0,0,0,0,0,0,0.000,0.000,0.000,0.000,0.000,2.026,3.081,1.437,2.779,0.000,0.084,0.000,0.000,0.000,6.464,0.042,0.401,0.000,0.000,2.264,0.000,0.000,0.000,4.257,0.000,0.000,0.000,0.000,4.930,0.593,0.000,7.979,0.000,0.000,0.000,0.000,0.000,0.000,0.000,0.000,7.525,0.000,0.452,1.728,0.000,0.000,0.000,0.000,0.000,5.818,0.000,0.000,0.000,0.000,0.000,0.800,0.000,0.000,0.000,0.000,0.112,0.011,38.644,5.369,0.000,0.000,0.000,9.851,1
Rothamsted,14-1d,14,1.000,d,2010,(N*2)PKNaMg,(N*2),0,P,35,K,225,Mg,10,Na,15,0,0,d,0.000,0,0,0,0,0,0,0.058,0.000,1.134,0.000,0.000,7.095,3.305,0.000,10.204,0.000,2.277,0.000,0.000,0.000,0.000,0.000,0.000,0.000,0.000,3.418,0.000,0.000,0.000,0.287,0.000,0.000,0.000,0.000,5.582,1.667,0.000,2.381,0.000,0.022,1.517,0.000,0.000,0.000,0.000,0.000,8.470,0.000,0.712,2.526,0.000,0.000,0.000,0.000,0.000,7.305,0.000,0.000,0.000,0.000,0.000,3.233,0.014,0.000,0.000,0.000,0.135,0.000,21.822,16.836,0.000,0.000,0.000,11.413,1
Rothamsted,14-2a,14,2.000,a,2010,N*2+PKNaMg,N*2,96,P,35,K,225,Mg,10,Na,15,0,0,a,0.000,0,0,0,0,0,0,0.000,0.000,0.000,0.000,0.000,1.626,0.000,5.075,31.098,0.000,0.046,0.000,0.000,0.000,0.000,0.838,0.000,0.000,0.000,3.431,0.000,0.000,0.000,4.940,0.000,0.000,0.000,0.627,9.532,5.814,0.000,0.863,0.000,0.000,1.921,0.000,0.000,0.000,0.000,0.000,0.828,0.629,0.302,4.358,0.000,0.000,0.000,0.000,0.000,3.355,0.000,0.000,0.000,0.000,0.000,2.717,0.000,0.000,0.000,0.000,8.356,0.034,12.899,0.709,0.000,0.000,0.000,15.182,1
Rothamsted,14-2b,14,2.000,b,2010,N*2+PKNaMg,N*2,96,P,35,K,225,Mg,10,Na,15,0,0,b,0.000,0,0,0,0,0,0,0.000,0.000,0.000,0.000,0.000,27.588,1.438,4.375,21.439,0.000,1.529,0.000,0.000,0.000,0.000,0.365,0.000,0.000,0.000,0.733,0.000,0.000,0.000,9.096,0.000,0.000,0.000,0.000,5.855,7.854,0.000,0.000,0.000,0.000,0.000,0.000,0.000,1.262,0.000,0.000,0.000,0.000,1.196,4.537,0.000,0.000,2.442,0.000,0.000,3.241,0.000,0.000,0.000,0.000,0.000,6.088,0.000,0.000,0.000,0.000,0.951,0.000,0.012,0.000,0.000,0.000,0.000,10.948,1
Rothamsted,14-2c,14,2.000,c,2010,N*2+PKNaMg,N*2,96,P,35,K,225,Mg,10,Na,15,0,0,c,0.000,0,0,0,0,0,0,0.000,0.000,0.183,0.000,0.000,33.658,0.375,0.087,20.421,0.000,0.290,0.000,0.000,0.000,0.000,2.077,0.000,0.000,0.000,4.286,0.000,0.000,0.000,3.311,0.000,0.000,0.000,0.000,4.493,8.131,0.000,0.000,0.000,0.073,0.119,0.000,0.000,0.000,0.000,0.000,0.987,0.000,0.985,2.357,0.022,0.000,0.000,0.000,0.000,14.127,0.000,0.000,0.000,0.000,0.000,2.542,0.000,0.000,0.000,0.000,0.461,0.000,1.013,0.000,0.000,0.000,0.000,14.044,1
Rothamsted,14-2d,14,2.000,d,2010,N*2+PKNaMg,N*2,96,P,35,K,225,Mg,10,Na,15,0,0,d,0.000,0,0,0,0,0,0,0.000,0.000,0.000,0.000,0.000,32.117,1.192,0.186,15.296,0.000,1.520,0.000,0.000,0.000,0.000,0.709,0.000,0.000,0.000,5.074,0.000,0.000,0.000,7.505,0.000,0.000,0.000,0.000,0.820,7.958,0.000,0.000,0.000,0.000,8.819,0.000,0.000,0.000,0.000,0.000,1.364,0.122,0.692,1.506,0.000,0.000,0.000,0.000,0.000,9.478,0.000,0.000,0.000,0.000,0.000,2.028,0.000,0.000,0.000,0.000,0.697,0.000,2.904,0.014,0.000,0.000,0.000,11.109,1
Rothamsted,17b,17,*,b,2010,N*1,N*1,48,0,0,0,0,0,0,0,0,0,0,b,0.000,0,0,0,0,0,0,1.528,0.000,2.959,0.000,0.518,0.431,4.729,0.000,0.374,9.530,0.000,0.000,0.000,4.231,7.104,0.215,0.364,0.000,0.000,3.729,0.000,0.000,0.000,6.329,0.000,0.000,3.293,5.873,0.087,3.683,0.000,0.000,0.072,23.316,3.354,0.000,0.297,0.000,0.021,0.349,14.607,0.000,0.097,0.000,0.000,0.108,0.000,0.000,0.000,1.995,0.000,0.000,0.000,0.010,0.000,0.000,0.082,0.000,0.000,0.000,0.698,0.000,0.015,0.000,0.000,0.000,0.000,21.855,1
Rothamsted,17d,17,*,d,2010,N*1,N*1,48,0,0,0,0,0,0,0,0,0,0,d,0.000,0,0,0,0,0,0,0.139,0.000,3.146,0.000,0.404,0.745,6.579,0.000,0.296,7.414,0.027,0.000,0.000,5.762,1.472,0.462,0.063,0.000,0.000,3.393,0.000,0.000,0.121,5.874,0.000,0.000,0.000,6.978,0.031,1.117,0.000,0.000,1.064,34.246,1.189,0.000,0.570,0.000,0.000,0.027,13.463,0.000,0.117,0.000,3.173,0.000,0.000,0.000,0.000,1.943,0.000,0.000,0.000,0.000,0.000,0.166,0.000,0.000,0.000,0.000,0.000,0.000,0.018,0.000,0.000,0.000,0.000,20.024,1
Rothamsted,1b,1,*,b,2011,N1,N1,48,0,0,0,0,0,0,0,0,0,0,b,0.000,0,0,0,0,0,0,1.006,0.000,4.217,0.000,0.000,0.000,1.932,0.000,0.000,28.955,0.000,0.000,0.000,0.665,5.602,0.000,0.646,0.000,0.000,1.851,0.000,0.000,0.000,7.714,0.000,0.000,0.000,2.168,0.000,2.211,0.000,0.000,0.124,33.079,0.000,0.019,0.255,0.000,0.000,1.484,6.882,0.000,0.000,0.000,0.000,0.000,0.000,0.000,0.000,0.273,0.000,0.404,0.000,0.000,0.000,0.006,0.000,0.000,0.000,0.000,0.335,0.056,0.118,0.000,0.000,0.000,0.000,0.000,*
Rothamsted,1d,1,*,d,2011,N1,N1,48,0,0,0,0,0,0,0,0,0,0,d,0.000,0,0,0,0,0,0,0.000,0.000,74.369,0.000,0.000,0.000,22.817,0.000,0.000,0.000,0.000,0.000,0.000,0.000,0.000,0.000,0.000,0.000,0.000,0.000,0.000,0.000,0.000,0.944,0.000,0.000,0.000,0.000,0.000,0.000,0.000,0.000,0.000,0.000,0.000,0.000,1.869,0.000,0.000,0.000,0.000,0.000,0.000,0.000,0.000,0.000,0.000,0.000,0.000,0.000,0.000,0.000,0.000,0.000,0.000,0.000,0.000,0.000,0.000,0.000,0.000,0.000,0.000,0.000,0.000,0.000,0.000,0.000,*
Rothamsted,2-1b,2,1.000,b,2011,K,0,0,0,0,K,225,0,0,0,0,0,0,b,0.000,0,0,0,0,0,0,2.474,0.000,2.753,0.000,0.096,0.187,1.826,0.000,0.000,9.177,0.029,0.000,0.000,0.000,8.835,0.370,0.432,0.000,0.000,1.845,0.000,0.000,0.000,8.922,0.000,0.000,0.000,2.892,0.000,4.689,0.000,0.528,0.125,14.317,0.000,9.474,0.677,0.000,0.000,0.961,7.899,0.000,0.476,0.062,0.000,0.000,0.000,0.000,0.000,2.066,0.000,0.187,0.000,0.000,0.000,0.067,1.182,0.000,0.000,0.000,0.005,0.317,13.568,3.325,0.000,0.231,0.000,0.000,*
Rothamsted,2-1d,2,1.000,d,2011,K,0,0,0,0,K,225,0,0,0,0,0,0,d,0.000,0,0,0,0,0,0,5.157,0.000,25.713,0.000,0.227,0.000,2.151,0.000,0.000,2.639,0.000,0.000,1.076,0.895,3.053,0.027,0.094,0.000,0.000,0.394,0.000,0.000,0.000,30.369,0.000,0.000,0.000,0.000,0.000,0.454,0.000,0.000,0.000,12.893,0.000,0.000,1.176,0.000,0.000,1.610,7.402,0.000,0.000,0.000,0.000,0.000,0.000,0.000,0.000,0.120,0.000,0.080,0.000,0.000,0.000,0.000,0.000,4.282,0.000,0.000,0.114,0.000,0.073,0.000,0.000,0.000,0.000,0.000,*
Rothamsted,2-2b,2,2.000,b,2011,Nil,0,0,0,0,0,0,0,0,0,0,0,0,b,0.000,0,0,0,0,0,0,1.351,0.000,2.890,0.000,0.763,0.061,2.311,0.033,1.831,9.354,0.038,0.000,0.640,0.118,6.864,0.000,1.102,0.264,0.000,2.363,0.000,0.000,0.000,11.129,0.000,0.000,0.000,4.322,0.033,3.559,0.000,1.276,0.108,18.736,0.781,3.884,0.805,0.000,0.000,1.935,8.431,0.000,0.325,0.085,0.000,0.000,0.000,0.000,0.000,1.026,0.000,0.038,0.000,0.000,0.000,0.259,4.858,0.000,0.000,0.028,0.108,0.137,6.346,1.417,0.391,0.000,0.000,0.000,*
Rothamsted,2-2d,2,2.000,d,2011,Nil,0,0,0,0,0,0,0,0,0,0,0,0,d,0.000,0,0,0,0,0,0,3.708,0.000,15.614,0.000,0.255,0.000,2.174,0.000,0.000,6.723,0.000,6.191,2.857,0.000,6.647,0.011,0.141,0.000,0.000,0.645,0.000,0.000,0.000,22.261,0.000,0.000,0.000,0.000,0.000,1.594,0.060,0.000,0.060,5.329,0.173,0.000,0.851,0.000,8.094,0.054,8.729,0.000,0.000,0.000,1.350,0.000,0.000,0.000,0.000,0.163,0.000,0.054,0.000,0.000,0.000,0.130,0.000,6.078,0.000,0.000,0.033,0.000,0.022,0.000,0.000,0.000,0.000,0.000,*
Rothamsted,3a,3,*,a,2011,Nil,0,0,0,0,0,0,0,0,0,0,0,0,a,0.000,0,0,0,0,0,0,2.899,0.147,0.987,0.000,0.389,0.000,0.699,0.000,0.000,8.341,0.000,0.000,6.324,2.069,7.684,0.142,0.000,0.000,0.000,0.063,0.000,0.000,0.000,12.606,0.000,0.000,0.000,7.306,0.000,1.623,0.000,0.310,0.063,8.272,0.000,11.692,0.604,0.000,0.000,2.148,5.961,0.000,1.082,0.074,0.000,0.000,0.000,0.000,0.000,1.644,0.000,0.000,0.000,0.000,0.000,0.042,11.965,0.000,0.000,0.000,0.089,0.000,2.369,2.406,0.000,0.000,0.000,0.000,*
Rothamsted,3b,3,*,b,2011,Nil,0,0,0,0,0,0,0,0,0,0,0,0,b,0.000,0,0,0,0,0,0,3.869,0.000,3.402,0.000,0.911,0.013,2.514,0.000,0.269,8.380,0.000,0.000,0.992,0.000,4.974,0.346,0.099,0.000,0.000,2.424,0.000,0.000,0.000,13.866,0.000,0.000,0.000,5.315,0.000,5.158,0.000,0.328,0.000,19.131,0.000,4.282,0.682,0.000,0.000,0.821,8.439,0.000,0.637,0.054,0.000,0.000,0.000,0.000,0.000,1.459,0.000,0.301,0.000,0.000,0.000,0.099,8.111,0.000,0.000,0.000,0.314,0.000,2.725,0.085,0.000,0.000,0.000,0.000,*
Rothamsted,3c,3,*,c,2011,Nil,0,0,0,0,0,0,0,0,0,0,0,0,c,0.000,0,0,0,0,0,0,0.997,0.000,12.173,0.000,0.113,0.000,1.021,0.000,0.000,2.460,0.000,0.000,3.311,0.875,3.730,0.000,0.000,0.000,0.000,0.042,0.000,0.000,0.000,37.609,0.000,0.000,0.000,0.000,0.000,0.263,0.183,0.188,0.226,17.765,0.000,0.240,1.355,0.000,10.545,0.635,3.076,0.000,0.000,0.000,0.000,0.282,0.000,0.000,0.000,0.198,0.000,0.574,0.000,0.000,0.000,0.000,0.005,0.315,0.000,0.000,0.024,0.000,1.797,0.000,0.000,0.000,0.000,0.000,*
Rothamsted,3d,3,*,d,2011,Nil,0,0,0,0,0,0,0,0,0,0,0,0,d,0.000,0,0,0,0,0,0,3.598,0.000,25.488,0.000,0.878,0.000,1.957,0.000,0.000,7.793,0.000,0.000,3.924,0.226,2.966,0.000,0.176,0.000,0.000,1.069,0.000,0.000,0.000,30.341,0.000,0.000,0.753,0.025,0.000,0.376,0.000,0.000,0.000,5.806,0.000,0.025,1.445,0.000,5.871,0.642,4.567,0.000,0.000,0.000,1.531,0.000,0.000,0.000,0.000,0.432,0.000,0.000,0.000,0.000,0.000,0.005,0.000,0.000,0.000,0.000,0.095,0.005,0.005,0.000,0.000,0.000,0.000,0.000,*
Rothamsted,7b,7,*,b,2011,PKNaMg,0,0,P,35,K,225,Mg,10,Na,15,0,0,b,0.000,0,0,0,0,0,0,0.073,0.000,0.316,0.000,0.000,3.373,2.575,1.716,24.758,0.000,3.939,0.000,0.000,0.000,0.000,0.425,0.635,0.000,0.000,3.177,0.000,0.000,0.786,0.387,0.000,0.000,0.000,1.334,2.120,0.548,0.000,2.891,0.000,0.000,1.390,0.000,0.000,0.000,0.000,0.000,10.619,0.000,0.441,3.179,0.000,0.000,0.000,0.000,0.000,1.301,0.000,0.000,0.000,0.000,0.000,1.853,0.000,0.000,0.000,0.000,1.945,0.378,20.226,0.302,0.000,0.507,0.000,8.804,*
Rothamsted,7d,7,*,d,2011,PKNaMg,0,0,P,35,K,225,Mg,10,Na,15,0,0,d,0.000,0,0,0,0,0,0,4.891,0.000,15.474,0.000,0.000,0.494,6.001,0.000,0.000,0.000,0.613,0.000,0.000,0.100,13.536,0.000,0.168,0.000,2.676,0.742,0.000,0.000,0.000,12.755,0.000,0.000,0.000,0.000,0.000,2.676,0.000,3.013,1.777,0.179,0.000,0.118,0.616,0.000,0.000,0.000,24.614,0.000,1.562,0.000,0.000,0.000,0.000,0.000,0.000,0.000,0.000,0.000,0.000,0.000,0.000,0.466,0.000,0.000,0.000,0.000,0.276,0.014,4.421,2.813,0.000,0.000,0.000,0.000,*
Rothamsted,9-1a,9,1.000,a,2011,N2PKNaMg,(N2),0,P,35,K,225,Mg,10,Na,15,0,0,a,0.000,0,0,0,0,0,0,0.282,0.000,0.000,0.000,0.000,1.957,0.127,1.378,8.971,0.000,0.662,0.000,0.000,0.000,0.000,0.519,0.592,0.000,0.000,7.477,0.000,0.000,0.000,1.764,0.000,0.000,0.000,0.367,2.508,0.877,0.000,9.598,0.000,0.766,2.730,0.000,0.000,0.000,0.000,0.019,15.520,0.000,1.514,1.723,0.000,0.000,0.000,0.000,0.000,1.327,0.000,0.000,0.000,0.000,0.000,0.510,0.000,0.000,0.000,0.000,4.281,1.659,19.403,0.000,0.000,0.000,0.000,13.468,1
Rothamsted,9-1b,9,1.000,b,2011,N2PKNaMg,(N2),0,P,35,K,225,Mg,10,Na,15,0,0,b,0.000,0,0,0,0,0,0,0.000,0.000,0.000,0.000,0.000,1.316,0.320,1.322,5.622,0.000,0.082,0.000,0.000,0.000,7.680,0.000,0.391,0.000,0.000,2.499,0.000,0.000,0.000,1.385,0.000,0.000,0.000,0.237,0.849,2.877,0.000,5.658,1.356,4.155,0.000,0.000,0.000,0.000,0.000,0.000,12.809,0.006,1.995,0.362,0.000,0.000,0.000,0.000,0.000,0.578,0.011,0.000,0.000,0.000,0.000,0.952,0.000,0.000,0.000,0.000,0.231,1.232,46.060,0.000,0.015,0.000,0.000,0.000,*
Rothamsted,9-1c,9,1.000,c,2011,N2PKNaMg,(N2),0,P,35,K,225,Mg,10,Na,15,0,0,c,0.000,0,0,0,0,0,0,4.839,0.000,3.465,0.000,0.000,1.873,2.263,0.063,5.639,0.000,2.804,0.000,0.000,0.000,22.307,0.503,0.000,0.000,0.000,0.728,0.000,0.000,0.000,13.747,0.000,0.000,0.000,0.418,0.680,4.759,0.000,2.915,0.000,0.000,0.000,0.000,0.013,0.000,0.000,0.000,9.690,0.000,4.218,1.775,0.000,0.000,0.000,0.000,0.000,0.832,0.000,0.000,0.000,0.000,0.000,0.171,0.000,0.000,0.000,0.000,0.867,0.674,11.677,2.987,0.000,0.000,0.092,0.000,*
Rothamsted,9-1d,9,1.000,d,2011,N2PKNaMg,(N2),0,P,35,K,225,Mg,10,Na,15,0,0,d,0.000,0,0,0,0,0,0,0.000,0.000,49.250,0.000,0.000,0.000,47.525,0.000,0.000,0.000,0.000,0.000,0.000,0.000,0.000,0.000,0.000,0.000,0.000,0.000,0.000,0.000,0.000,0.353,0.000,0.000,0.000,0.000,0.000,2.839,0.000,0.000,0.000,0.000,0.000,0.000,0.034,0.000,0.000,0.000,0.000,0.000,0.000,0.000,0.000,0.000,0.000,0.000,0.000,0.000,0.000,0.000,0.000,0.000,0.000,0.000,0.000,0.000,0.000,0.000,0.000,0.000,0.000,0.000,0.000,0.000,0.000,0.000,*
Rothamsted,9-2a,9,2.000,a,2011,N2+(N2)PKNaMg,N2,96,P,35,K,225,Mg,10,Na,15,0,0,a,0.000,0,0,0,0,0,0,0.000,0.000,0.000,0.040,0.000,5.963,0.036,4.909,31.355,0.000,0.614,0.000,0.000,0.000,0.000,0.013,0.000,0.000,0.000,9.909,0.000,0.000,0.000,0.168,0.000,0.000,0.000,0.000,1.891,3.922,0.000,9.096,0.000,0.000,2.785,0.000,0.000,0.000,0.000,0.000,2.456,0.000,0.556,1.796,0.000,0.000,0.000,0.000,0.000,0.569,0.000,0.000,0.000,0.000,0.000,1.259,0.000,0.000,0.000,0.000,2.653,0.670,19.340,0.000,0.000,0.000,0.000,0.000,*
Rothamsted,9-2b,9,2.000,b,2011,N2+(N2)PKNaMg,N2,96,P,35,K,225,Mg,10,Na,15,0,0,b,0.000,0,0,0,0,0,0,0.000,0.000,0.000,0.000,0.000,10.933,0.642,3.031,40.495,0.000,0.120,0.000,0.000,0.000,0.000,0.740,0.018,0.000,0.000,3.871,0.000,0.000,0.037,0.097,0.000,0.000,0.000,0.000,1.457,5.822,0.000,6.572,0.000,0.000,0.197,0.000,0.000,0.000,0.000,0.000,0.728,0.000,2.041,1.469,0.000,0.000,0.000,0.000,0.000,1.008,0.000,0.000,0.000,0.000,0.000,1.040,0.000,0.000,0.000,0.000,2.033,1.418,16.231,0.000,0.000,0.000,0.000,0.000,*
Rothamsted,9-2c,9,2.000,c,2011,N2+(N2)PKNaMg,N2,96,P,35,K,225,Mg,10,Na,15,0,0,c,0.000,0,0,0,0,0,0,0.000,0.000,23.796,0.000,0.000,4.593,1.340,0.140,6.030,0.000,1.050,0.000,0.000,0.000,0.000,0.473,0.000,0.000,0.000,4.919,0.000,0.000,0.000,30.763,0.000,0.000,0.000,0.000,0.671,15.746,0.000,0.928,0.000,0.000,0.000,0.061,0.000,0.000,0.000,0.018,0.803,0.815,2.942,0.375,0.000,0.000,0.000,0.000,0.000,0.000,0.000,0.000,0.000,0.000,0.000,0.992,0.000,0.000,0.000,0.000,1.947,1.251,0.348,0.000,0.000,0.000,0.000,0.000,*
Rothamsted,9-2d,9,2.000,d,2011,N2+(N2)PKNaMg,N2,96,P,35,K,225,Mg,10,Na,15,0,0,d,0.000,0,0,0,0,0,0,0.000,0.000,0.945,0.000,0.000,0.000,72.634,0.000,0.000,0.000,0.000,0.000,0.000,0.000,0.000,0.000,0.000,0.000,0.000,0.000,0.000,0.000,0.000,0.000,0.000,0.000,0.000,0.000,0.000,26.421,0.000,0.000,0.000,0.000,0.000,0.000,0.000,0.000,0.000,0.000,0.000,0.000,0.000,0.000,0.000,0.000,0.000,0.000,0.000,0.000,0.000,0.000,0.000,0.000,0.000,0.000,0.000,0.000,0.000,0.000,0.000,0.000,0.000,0.000,0.000,0.000,0.000,0.000,*
Rothamsted,10b,10,*,b,2011,N2+PNaMg,N2,96,P,35,0,0,Mg,10,Na,15,0,0,b,0.000,0,0,0,0,0,0,0.000,0.000,16.837,0.000,0.000,0.213,9.177,0.000,0.037,0.000,0.037,0.000,0.000,0.000,0.000,0.222,0.000,0.000,0.000,0.000,0.000,0.000,0.000,39.402,0.000,0.000,0.000,0.021,0.000,24.938,0.000,0.000,0.000,0.000,0.000,0.000,0.000,0.000,0.000,0.000,5.856,0.000,0.806,0.183,0.405,0.000,0.000,0.000,0.000,0.654,0.000,0.000,0.000,0.000,0.000,1.153,0.000,0.000,0.000,0.000,0.061,0.000,0.000,0.000,0.000,0.000,0.000,0.000,*
Rothamsted,10d,10,*,d,2011,N2+PNaMg,N2,96,P,35,0,0,Mg,10,Na,15,0,0,d,0.000,0,0,0,0,0,0,0.000,0.000,0.465,0.000,0.000,0.000,97.460,0.000,0.000,0.000,0.000,0.000,0.000,0.000,0.000,0.000,0.000,0.000,0.000,0.000,0.000,0.000,0.000,0.000,0.000,0.000,0.000,0.000,0.000,2.075,0.000,0.000,0.000,0.000,0.000,0.000,0.000,0.000,0.000,0.000,0.000,0.000,0.000,0.000,0.000,0.000,0.000,0.000,0.000,0.000,0.000,0.000,0.000,0.000,0.000,0.000,0.000,0.000,0.000,0.000,0.000,0.000,0.000,0.000,0.000,0.000,0.000,0.000,*
Rothamsted,11-1b,11,1.000,b,2011,N3+PKNaMg,N3,144,P,35,K,225,Mg,10,Na,15,0,0,b,0.000,0,0,0,0,0,0,0.000,0.000,0.000,0.000,0.000,16.773,0.000,5.890,32.619,0.000,1.966,0.000,0.000,0.000,0.000,0.067,0.000,0.000,0.000,17.725,0.000,0.000,0.000,0.000,0.000,0.000,0.000,0.000,0.812,15.349,0.000,0.000,0.000,0.000,0.000,0.000,0.000,0.000,0.000,0.000,0.019,0.000,0.193,1.010,0.000,0.000,0.000,0.000,0.000,0.000,0.000,0.000,0.000,0.000,0.000,3.846,0.000,0.000,0.000,0.000,3.414,0.000,0.316,0.000,0.000,0.000,0.000,0.000,*
Rothamsted,11-1d,11,1.000,d,2011,N3+PKNaMg,N3,144,P,35,K,225,Mg,10,Na,15,0,0,d,0.000,0,0,0,0,0,0,0.000,0.000,0.000,0.000,0.000,0.000,0.000,0.000,0.000,0.000,0.000,0.000,0.000,0.000,0.000,0.000,0.000,0.000,0.000,0.000,0.000,0.000,0.000,0.000,0.000,0.000,0.000,0.000,0.000,100.000,0.000,0.000,0.000,0.000,0.000,0.000,0.000,0.000,0.000,0.000,0.000,0.000,0.000,0.000,0.000,0.000,0.000,0.000,0.000,0.000,0.000,0.000,0.000,0.000,0.000,0.000,0.000,0.000,0.000,0.000,0.000,0.000,0.000,0.000,0.000,0.000,0.000,0.000,*
Rothamsted,11-2b,11,2.000,b,2011,N3+PKNaMgSi,N3,144,P,35,K,225,Mg,10,Na,15,Si,135,b,0.000,0,0,0,0,0,0,0.000,0.000,0.000,0.000,0.000,11.618,0.118,3.044,53.016,0.000,0.753,0.000,0.000,0.000,0.000,0.010,0.000,0.000,0.000,19.129,0.000,0.000,0.000,0.000,0.000,0.000,0.000,0.000,4.111,4.676,0.000,0.000,0.000,0.000,0.000,0.000,0.000,0.000,0.000,0.000,0.000,0.000,0.000,2.228,0.000,0.000,0.000,0.000,0.000,0.109,0.000,0.000,0.000,0.000,0.000,0.984,0.000,0.000,0.000,0.000,0.135,0.000,0.000,0.073,0.000,0.000,0.000,0.000,*
Rothamsted,11-2d,11,2.000,d,2011,N3+PKNaMgSi,N3,144,P,35,K,225,Mg,10,Na,15,Si,135,d,0.000,0,0,0,0,0,0,0.000,0.000,7.561,0.000,0.000,0.000,0.000,0.000,0.000,0.000,0.000,0.000,0.000,0.000,0.000,0.000,0.000,0.000,0.000,0.000,0.000,0.000,0.000,0.000,0.000,0.000,0.000,0.000,0.000,92.439,0.000,0.000,0.000,0.000,0.000,0.000,0.000,0.000,0.000,0.000,0.000,0.000,0.000,0.000,0.000,0.000,0.000,0.000,0.000,0.000,0.000,0.000,0.000,0.000,0.000,0.000,0.000,0.000,0.000,0.000,0.000,0.000,0.000,0.000,0.000,0.000,0.000,0.000,*
Rothamsted,13-1b,13,1.000,b,2011,(FYM/FM),0,0,0,0,0,0,0,0,0,0,0,0,b,0.000,(FYM),0,(FM),0,0,0,2.011,0.000,10.853,0.000,0.361,8.555,4.473,1.133,11.211,0.000,0.000,0.000,0.000,0.000,2.130,0.253,0.295,0.000,0.000,5.624,0.000,0.000,0.187,3.885,0.000,0.000,0.000,0.440,1.136,7.353,0.000,8.731,0.000,0.827,0.531,1.420,0.000,0.000,0.000,0.000,12.412,0.000,0.923,0.702,0.000,0.000,0.000,0.000,0.000,2.227,0.000,0.000,0.000,0.000,0.000,0.418,0.000,0.000,1.008,0.000,0.531,0.000,9.177,0.000,0.000,1.193,0.000,0.000,2
Rothamsted,13-1d,13,1.000,d,2011,(FYM/FM),0,0,0,0,0,0,0,0,0,0,0,0,d,0.000,(FYM),0,(FM),0,0,0,8.313,0.000,25.345,0.000,0.031,0.000,6.122,0.000,0.000,0.000,0.000,0.000,0.000,0.000,1.016,0.919,0.000,0.000,0.000,0.150,0.000,0.000,0.000,16.356,0.000,0.000,0.000,0.000,0.000,5.406,8.176,0.283,0.287,6.502,0.000,0.000,0.835,0.000,0.000,0.049,10.954,0.000,0.645,0.040,0.000,0.000,0.000,0.000,0.000,1.617,0.000,0.000,0.000,0.000,0.000,0.455,0.000,0.199,0.345,0.000,0.322,0.875,4.761,0.000,0.000,0.000,0.000,0.000,2
Rothamsted,13-2b,13,2.000,b,2011,FYM/FM,0,0,0,0,0,0,0,0,0,0,0,0,b,0.000,FYM,0,FM,65,0,0,0.000,0.000,6.653,0.000,0.107,8.569,0.295,0.686,20.142,0.000,0.000,0.000,0.000,0.000,0.000,1.324,0.000,0.000,0.000,9.467,0.000,2.795,2.449,2.350,0.000,0.000,0.000,0.000,2.226,16.029,0.000,11.139,0.000,0.000,0.000,0.000,0.000,0.000,0.000,0.000,6.588,0.000,0.368,1.628,0.000,0.000,0.000,0.000,0.000,2.191,0.000,0.000,0.000,0.000,0.000,1.976,0.000,0.000,0.693,0.000,0.406,0.000,1.324,0.000,0.363,0.227,0.000,0.000,2
Rothamsted,13-2d,13,2.000,d,2011,FYM/FM,0,0,0,0,0,0,0,0,0,0,0,0,d,0.000,FYM,0,FM,65,0,0,12.045,0.000,31.213,0.000,0.000,6.011,9.040,0.000,0.690,0.000,0.067,0.000,0.000,0.000,0.278,0.415,0.096,0.000,0.000,1.108,0.000,0.000,0.000,7.309,0.000,0.000,0.000,0.000,2.508,9.005,0.000,0.000,0.000,0.000,0.000,0.000,0.325,0.000,0.000,0.172,6.856,0.000,0.260,0.573,0.000,0.000,0.000,0.000,0.000,2.014,0.000,0.000,0.000,0.000,0.000,0.936,0.000,0.000,3.301,0.009,0.281,0.716,4.771,0.000,0.000,0.000,0.000,0.000,2
Rothamsted,14-1a,14,1.000,a,2011,(N*2)PKNaMg,(N*2),0,P,35,K,225,Mg,10,Na,15,0,0,a,0.000,0,0,0,0,0,0,0.088,0.000,0.000,0.000,0.000,0.653,0.178,2.354,17.133,0.000,1.396,0.000,0.000,0.000,0.000,0.082,0.228,0.000,0.000,8.742,0.000,0.000,0.000,3.527,0.000,0.000,0.000,0.847,14.272,1.884,0.000,0.504,0.000,2.208,0.019,0.000,0.000,0.000,0.000,0.000,8.386,0.096,1.937,4.180,0.000,0.000,0.000,0.000,0.000,2.046,0.000,0.000,0.000,0.000,0.000,0.531,0.000,0.000,0.000,0.000,1.062,0.061,19.333,8.253,0.000,0.000,0.000,0.000,*
Rothamsted,14-1b,14,1.000,b,2011,(N*2)PKNaMg,(N*2),0,P,35,K,225,Mg,10,Na,15,0,0,b,0.000,0,0,0,0,0,0,0.086,0.000,0.725,0.000,0.000,1.750,0.719,9.203,14.529,0.000,0.691,0.000,0.000,0.000,2.252,0.012,0.563,0.000,0.000,1.539,0.000,0.000,0.000,5.097,0.000,0.000,0.000,0.095,6.379,0.927,0.000,8.557,0.000,0.000,0.000,0.000,0.000,0.000,0.000,0.000,13.006,0.000,2.512,0.903,0.000,0.000,0.000,0.000,0.000,3.500,0.000,0.000,0.000,0.000,0.000,0.750,0.000,0.000,0.000,0.000,3.454,1.469,21.284,0.000,0.000,0.000,0.000,0.000,*
Rothamsted,14-1c,14,1.000,c,2011,(N*2)PKNaMg,(N*2),0,P,35,K,225,Mg,10,Na,15,0,0,c,0.000,0,0,0,0,0,0,0.000,0.000,5.009,0.000,0.000,1.688,2.834,0.881,9.245,0.000,0.378,0.000,0.000,0.000,0.696,0.029,0.034,0.000,0.000,14.878,0.000,0.000,0.000,4.641,0.000,0.000,0.000,0.000,5.339,5.964,0.000,2.977,0.000,0.000,0.042,0.000,0.000,0.000,0.000,0.024,7.641,0.130,2.588,0.368,0.000,0.000,0.000,0.000,0.000,3.927,0.000,0.000,0.000,0.000,0.000,2.072,0.000,0.000,0.000,0.000,0.034,0.005,21.202,7.374,0.000,0.000,0.000,0.000,*
Rothamsted,14-1d,14,1.000,d,2011,(N*2)PKNaMg,(N*2),0,P,35,K,225,Mg,10,Na,15,0,0,d,0.000,0,0,0,0,0,0,0.000,0.000,20.183,0.000,0.000,4.227,4.935,0.214,9.893,0.000,2.753,0.000,0.000,0.000,0.134,0.000,0.000,0.000,0.000,9.482,0.000,0.000,0.000,0.149,0.000,0.000,0.000,0.000,1.109,8.077,0.000,2.584,0.000,0.000,4.184,0.000,0.000,0.000,0.000,0.000,3.561,0.000,1.351,2.483,0.000,0.000,0.000,0.000,0.000,1.348,0.000,0.000,0.000,0.000,0.000,2.394,0.000,0.000,0.000,0.000,0.015,0.000,16.699,4.225,0.000,0.000,0.000,0.000,*
Rothamsted,14-2a,14,2.000,a,2011,N*2+PKNaMg,N*2,96,P,35,K,225,Mg,10,Na,15,0,0,a,0.000,0,0,0,0,0,0,0.013,0.000,0.000,0.000,0.000,1.909,0.062,4.606,29.399,0.000,0.379,0.000,0.000,0.000,0.000,0.029,0.000,0.000,0.000,10.485,0.000,0.088,0.000,3.634,0.000,0.000,0.000,0.132,22.893,6.768,0.000,0.364,0.000,0.000,6.031,0.000,0.000,0.000,0.000,0.000,1.196,0.000,1.149,1.914,0.000,0.000,0.000,0.000,0.000,1.865,0.000,0.000,0.000,0.000,0.000,0.072,0.000,0.000,0.000,0.000,1.433,0.062,2.054,3.463,0.000,0.000,0.000,0.000,*
Rothamsted,14-2b,14,2.000,b,2011,N*2+PKNaMg,N*2,96,P,35,K,225,Mg,10,Na,15,0,0,b,0.000,0,0,0,0,0,0,0.000,0.000,0.000,0.000,0.000,17.406,0.000,6.468,34.060,0.000,0.373,0.000,0.000,0.000,0.000,0.018,0.000,0.000,0.000,2.389,0.000,0.000,0.000,1.089,0.000,0.000,0.000,0.000,6.168,14.672,0.000,0.041,0.000,0.102,0.348,0.000,0.000,0.000,0.000,0.000,2.678,0.000,3.343,1.291,0.000,0.000,0.000,0.000,0.000,0.514,0.000,0.000,0.000,0.000,0.000,1.568,0.000,0.000,0.000,0.000,0.775,0.000,6.698,0.000,0.000,0.000,0.000,0.000,*
Rothamsted,14-2c,14,2.000,c,2011,N*2+PKNaMg,N*2,96,P,35,K,225,Mg,10,Na,15,0,0,c,0.000,0,0,0,0,0,0,0.000,0.000,0.000,0.000,0.000,21.563,0.064,0.328,20.561,0.000,1.723,0.000,0.000,0.000,0.000,0.106,0.000,0.000,0.000,3.989,0.000,0.000,0.000,4.821,0.000,0.000,0.000,0.000,0.679,14.887,0.000,0.000,0.000,0.000,0.869,0.000,0.000,0.000,0.000,0.025,6.316,0.000,3.800,0.626,0.078,0.000,0.000,0.000,0.000,14.495,0.000,0.000,0.000,0.000,0.000,0.529,0.000,0.000,0.000,0.000,1.578,0.000,2.004,0.958,0.000,0.000,0.000,0.000,*
Rothamsted,14-2d,14,2.000,d,2011,N*2+PKNaMg,N*2,96,P,35,K,225,Mg,10,Na,15,0,0,d,0.000,0,0,0,0,0,0,0.000,0.000,0.000,0.000,0.000,24.899,0.014,2.354,16.716,0.000,1.344,0.000,0.000,0.000,0.000,0.053,0.000,0.000,0.000,6.973,0.000,0.000,0.000,0.000,0.000,0.000,0.000,0.000,7.626,6.762,0.000,0.000,0.000,0.000,2.941,0.000,0.000,0.000,0.000,0.000,10.311,0.000,2.910,0.402,0.000,0.000,0.000,0.000,0.000,9.507,0.000,0.000,0.000,0.000,0.000,1.203,0.000,0.000,0.000,0.000,2.632,0.000,3.352,0.000,0.000,0.000,0.000,0.000,*
Rothamsted,17b,17,*,b,2011,N*1,N*1,48,0,0,0,0,0,0,0,0,0,0,b,0.000,0,0,0,0,0,0,3.288,0.000,6.787,0.000,0.927,0.000,1.562,0.000,0.124,18.403,0.012,0.000,1.821,0.676,1.500,0.058,0.132,0.000,0.000,2.880,0.000,0.000,0.000,7.899,0.000,0.000,0.000,7.236,0.099,6.890,0.000,0.000,0.000,21.835,3.754,0.000,0.828,0.000,0.000,0.544,10.672,0.000,0.087,0.103,0.000,0.000,0.000,0.000,0.000,0.812,0.000,0.000,0.000,0.000,0.000,0.758,0.000,0.000,0.000,0.000,0.000,0.000,0.012,0.301,0.000,0.000,0.000,0.000,*
Rothamsted,17d,17,*,d,2011,N*1,N*1,48,0,0,0,0,0,0,0,0,0,0,d,0.000,0,0,0,0,0,0,0.940,0.000,6.654,0.000,0.000,1.268,1.210,0.000,0.090,7.349,0.077,0.000,1.197,1.178,2.999,0.257,0.135,0.000,0.000,1.808,0.000,0.000,1.223,6.886,0.000,0.077,0.000,5.110,0.000,5.213,0.000,0.000,0.000,36.424,7.163,0.000,0.650,0.000,0.000,0.000,8.907,0.000,0.393,0.000,1.474,0.174,0.000,0.000,0.000,0.901,0.000,0.000,0.000,0.000,0.000,0.000,0.000,0.000,0.000,0.000,0.245,0.000,0.000,0.000,0.000,0.000,0.000,0.000,*
Rothamsted,1b,1,*,b,2012,N1,N1,48,0,0,0,0,0,0,0,0,0,0,b,1.500,0,0,0,0,0,0,2.201,0.000,4.634,0.000,0.000,0.000,0.898,0.000,0.000,31.287,0.000,0.000,0.000,0.151,4.495,0.041,0.394,0.000,0.000,5.179,0.000,0.000,0.000,5.300,0.000,0.000,0.000,2.282,0.000,1.935,0.000,0.000,0.075,24.862,0.000,0.000,0.110,0.000,0.000,1.518,11.864,0.000,0.000,0.000,0.209,0.000,0.000,0.000,0.000,1.014,0.000,0.197,0.000,0.000,0.000,0.000,0.000,0.000,0.000,0.000,1.338,0.000,0.017,0.000,0.000,0.000,0.000,0.000,*
Rothamsted,1d,1,*,d,2012,N1,N1,48,0,0,0,0,0,0,0,0,0,0,d,0.000,0,0,0,0,0,0,0.000,0.000,39.341,0.000,0.000,0.000,23.053,0.000,0.000,0.000,0.000,32.590,0.000,0.000,0.000,0.000,0.000,0.000,0.000,0.000,0.000,0.000,0.000,0.141,0.000,0.000,0.000,0.000,0.000,0.000,0.000,0.000,0.000,0.000,0.000,0.000,4.875,0.000,0.000,0.000,0.000,0.000,0.000,0.000,0.000,0.000,0.000,0.000,0.000,0.000,0.000,0.000,0.000,0.000,0.000,0.000,0.000,0.000,0.000,0.000,0.000,0.000,0.000,0.000,0.000,0.000,0.000,0.000,*
Rothamsted,2-1b,2,1.000,b,2012,K,0,0,0,0,K,225,0,0,0,0,0,0,b,0.750,0,0,0,0,0,0,3.422,0.000,0.801,0.000,0.579,0.000,0.969,0.000,0.113,11.706,0.000,0.000,0.100,0.000,4.893,0.163,0.131,0.000,0.000,2.399,0.000,0.000,0.000,6.039,0.000,0.000,0.000,2.847,0.000,2.241,0.000,0.498,0.000,36.694,0.199,3.979,0.394,0.000,0.000,1.494,5.473,0.000,0.199,0.014,0.000,0.000,0.000,0.000,0.000,1.566,0.000,0.041,0.000,0.000,0.000,0.045,0.321,0.000,0.000,0.000,0.032,0.014,11.566,1.068,0.000,0.000,0.000,0.000,*
Rothamsted,2-1d,2,1.000,d,2012,K,0,0,0,0,K,225,0,0,0,0,0,0,d,0.000,0,0,0,0,0,0,2.186,0.000,18.328,0.000,0.213,0.000,0.056,0.000,0.000,0.915,0.000,0.595,2.280,0.000,1.434,0.000,0.000,0.000,0.000,0.313,0.000,0.000,0.000,35.283,0.000,0.000,0.276,0.000,0.000,0.188,4.366,0.000,0.000,18.146,0.000,0.006,0.821,0.000,0.000,0.420,5.800,0.000,0.000,0.000,0.489,0.000,0.000,0.000,0.000,0.081,0.000,0.038,0.000,0.000,0.000,0.000,0.000,7.667,0.000,0.000,0.000,0.000,0.100,0.000,0.000,0.000,0.000,0.000,*
Rothamsted,2-2b,2,2.000,b,2012,Nil,0,0,0,0,0,0,0,0,0,0,0,0,b,0.750,0,0,0,0,0,0,2.140,0.000,2.296,0.000,0.126,0.000,1.108,0.000,0.181,8.391,0.000,0.000,0.661,0.000,7.127,0.219,0.181,0.000,0.000,0.733,0.000,0.000,0.000,9.351,0.000,0.000,0.000,3.315,0.000,3.138,0.000,0.602,0.000,26.066,0.000,10.177,1.053,0.000,0.000,1.626,5.396,0.000,0.059,0.000,0.000,0.000,0.000,0.000,0.000,2.414,0.000,0.190,0.000,0.000,0.000,0.097,5.152,0.000,0.000,0.000,1.032,0.000,6.769,0.366,0.000,0.034,0.000,0.000,*
Rothamsted,2-2d,2,2.000,d,2012,Nil,0,0,0,0,0,0,0,0,0,0,0,0,d,0.000,0,0,0,0,0,0,2.868,0.000,13.099,0.000,0.295,0.000,0.475,0.000,0.000,6.957,0.000,9.610,2.988,0.060,5.015,0.390,0.000,0.000,0.000,0.676,0.000,0.000,0.000,35.387,0.000,0.000,0.000,0.030,0.045,1.892,1.061,0.000,0.000,5.251,0.000,0.215,1.181,0.000,1.932,0.350,7.968,0.000,0.000,0.000,1.266,0.000,0.000,0.000,0.000,0.345,0.000,0.300,0.000,0.000,0.000,0.000,0.000,0.000,0.000,0.000,0.000,0.000,0.340,0.000,0.000,0.000,0.000,0.000,*
Rothamsted,3a,3,*,a,2012,Nil,0,0,0,0,0,0,0,0,0,0,0,0,a,3.000,0,0,0,0,0,0,2.256,0.000,2.059,0.000,0.066,0.000,1.438,0.000,0.000,7.222,0.000,0.000,2.468,5.006,9.352,0.066,0.066,0.000,0.000,1.337,0.000,0.000,0.000,11.653,0.000,0.000,0.000,6.495,0.000,2.983,0.000,1.226,0.000,14.196,0.000,14.590,0.934,0.000,0.000,0.934,3.709,0.000,0.696,0.045,0.000,0.000,0.000,0.000,0.000,0.757,0.000,0.409,0.000,0.000,0.000,0.797,2.367,0.000,0.000,0.000,0.555,0.772,4.108,1.332,0.000,0.106,0.000,0.000,*
Rothamsted,3b,3,*,b,2012,Nil,0,0,0,0,0,0,0,0,0,0,0,0,b,0.000,0,0,0,0,0,0,2.747,0.000,4.266,0.000,1.536,0.000,1.593,0.000,0.000,6.345,0.048,0.000,1.714,0.000,7.439,0.330,0.365,0.000,0.000,2.899,0.000,0.000,0.000,7.369,0.000,0.000,0.000,3.758,0.000,3.810,0.000,1.797,0.000,15.515,0.000,12.976,0.642,0.000,0.000,0.339,6.514,0.000,0.113,0.069,0.000,0.000,0.000,0.000,0.000,1.224,0.000,0.000,0.000,0.000,0.000,0.000,12.278,0.000,0.000,0.000,0.078,0.000,4.175,0.061,0.000,0.000,0.000,0.000,*
Rothamsted,3c,3,*,c,2012,Nil,0,0,0,0,0,0,0,0,0,0,0,0,c,0.000,0,0,0,0,0,0,1.503,0.000,7.941,0.000,0.197,0.000,0.661,0.000,0.000,7.792,0.000,0.117,2.159,0.352,2.185,0.000,0.256,0.000,0.000,0.480,0.000,0.000,0.000,22.113,0.010,0.000,0.000,0.203,0.011,0.085,0.405,0.187,0.208,12.663,0.000,13.409,1.455,0.000,2.675,0.565,5.148,0.000,0.000,0.000,0.000,0.000,0.000,0.000,0.000,0.453,0.000,0.000,0.000,0.000,0.000,0.272,0.000,11.144,0.000,0.000,0.053,1.194,4.109,0.000,0.000,0.000,0.000,0.000,*
Rothamsted,3d,3,*,d,2012,Nil,0,0,0,0,0,0,0,0,0,0,0,0,d,0.000,0,0,0,0,0,0,6.621,0.000,8.101,0.000,0.367,0.000,0.172,0.000,0.000,6.893,0.000,0.000,4.000,0.000,6.355,0.615,0.065,0.000,0.000,0.000,0.000,0.000,0.000,25.970,0.000,0.000,0.266,0.012,0.000,1.213,0.994,0.000,0.000,16.538,0.010,2.799,1.485,0.000,7.396,0.757,7.828,0.000,0.000,0.000,0.391,0.000,0.000,0.000,0.000,0.509,0.000,0.000,0.000,0.000,0.000,0.077,0.000,0.000,0.000,0.000,0.012,0.000,0.485,0.071,0.000,0.000,0.000,0.000,*
Rothamsted,7b,7,*,b,2012,PKNaMg,0,0,P,35,K,225,Mg,10,Na,15,0,0,b,0.750,0,0,0,0,0,0,0.241,0.000,0.000,0.000,0.000,1.826,0.759,1.181,18.209,0.000,0.426,0.000,0.000,0.000,0.000,0.079,0.000,0.000,0.000,2.544,0.000,0.000,0.000,0.000,0.000,0.000,0.000,0.114,6.901,3.090,0.000,14.538,0.000,0.000,0.621,0.000,0.000,0.000,0.000,0.000,10.689,0.000,0.019,1.051,0.000,0.000,0.000,0.000,0.000,2.707,0.000,0.000,0.000,0.000,0.000,0.508,0.000,0.000,0.000,0.000,1.770,0.183,31.255,1.017,0.000,0.273,0.000,0.000,*
Rothamsted,7d,7,*,d,2012,PKNaMg,0,0,P,35,K,225,Mg,10,Na,15,0,0,d,0.000,0,0,0,0,0,0,3.302,0.000,5.317,0.000,0.000,0.327,3.585,0.000,2.810,0.000,0.118,0.000,0.000,0.000,1.583,0.157,0.262,0.000,0.000,0.476,0.000,0.000,0.000,16.572,0.000,0.000,0.000,0.000,0.000,3.169,0.052,5.836,0.445,5.113,0.531,2.915,0.147,0.000,0.000,0.000,10.412,0.000,0.275,0.024,0.000,0.000,0.000,0.000,0.000,0.029,0.000,0.000,0.000,0.000,0.000,0.039,0.000,0.000,0.000,0.000,0.892,0.419,31.748,3.444,0.000,0.000,0.000,0.000,*
Rothamsted,9-1a,9,1.000,a,2012,N2PKNaMg,(N2),0,P,35,K,225,Mg,10,Na,15,0,0,a,6.000,0,0,0,0,0,0,0.123,0.000,0.000,0.000,0.000,1.383,0.045,0.939,7.308,0.000,1.399,0.000,0.000,0.000,0.000,0.421,0.012,0.000,0.000,10.777,0.000,0.000,1.039,2.326,0.000,0.000,0.000,0.773,1.640,3.095,0.000,31.001,0.000,0.824,1.847,0.000,0.000,0.000,0.000,0.000,5.981,0.000,0.974,1.342,0.000,0.000,0.000,0.000,0.000,1.833,0.000,0.000,0.000,0.000,0.000,0.593,0.000,0.000,0.000,0.000,4.271,0.505,18.858,0.673,0.000,0.020,0.000,0.000,*
Rothamsted,9-1b,9,1.000,b,2012,N2PKNaMg,(N2),0,P,35,K,225,Mg,10,Na,15,0,0,b,1.500,0,0,0,0,0,0,1.360,0.000,0.000,0.000,0.000,1.947,1.036,0.634,7.203,0.000,0.149,0.000,0.000,0.000,0.143,0.060,0.205,0.000,0.000,1.928,0.000,0.000,0.000,2.069,0.000,0.000,0.000,0.026,0.258,1.260,0.000,5.763,0.010,1.762,0.000,0.000,0.000,0.000,0.000,0.000,17.206,0.000,0.455,0.589,0.000,0.000,0.000,0.000,0.000,2.791,0.000,0.000,0.000,0.000,0.000,0.466,0.000,0.000,0.000,0.000,0.406,0.004,52.267,0.000,0.000,0.000,0.000,0.000,*
Rothamsted,9-1c,9,1.000,c,2012,N2PKNaMg,(N2),0,P,35,K,225,Mg,10,Na,15,0,0,c,1.500,0,0,0,0,0,0,4.793,0.000,2.027,0.000,0.000,0.833,1.026,0.029,5.965,0.000,0.259,0.000,0.000,0.000,0.647,0.275,0.534,0.000,0.000,2.501,0.000,0.000,0.000,8.273,0.000,0.000,0.000,0.027,3.431,1.714,0.000,15.405,0.000,0.000,0.000,0.029,0.055,0.000,0.000,0.000,5.141,0.000,1.455,0.693,0.000,0.000,0.000,0.000,0.000,2.186,0.000,0.000,0.000,0.000,0.000,0.284,0.000,0.000,0.000,0.000,0.412,0.789,30.094,11.126,0.000,0.000,0.000,0.000,*
Rothamsted,9-1d,9,1.000,d,2012,N2PKNaMg,(N2),0,P,35,K,225,Mg,10,Na,15,0,0,d,0.000,0,0,0,0,0,0,0.000,0.000,53.549,0.000,0.000,0.000,31.862,0.000,0.000,0.000,0.054,0.000,0.000,0.000,0.000,0.000,0.000,0.000,0.000,0.000,0.000,0.000,13.865,0.000,0.000,0.000,0.611,0.000,0.000,0.000,0.000,0.000,0.036,0.000,0.000,0.000,0.000,0.000,0.000,0.000,0.006,0.000,0.000,0.000,0.000,0.000,0.000,0.000,0.000,0.000,0.000,0.000,0.000,0.000,0.000,0.000,0.000,0.000,0.000,0.000,0.000,0.000,0.018,0.000,0.000,0.000,0.000,0.000,*
Rothamsted,9-2a,9,2.000,a,2012,N2+(N2)PKNaMg,N2,96,P,35,K,225,Mg,10,Na,15,0,0,a,6.000,0,0,0,0,0,0,0.000,0.000,0.000,0.000,0.000,8.381,0.097,3.229,37.133,0.000,0.276,0.000,0.000,0.000,0.000,0.401,0.000,0.000,0.000,10.631,0.000,0.000,0.000,0.825,0.000,0.000,0.000,0.000,2.319,6.853,0.000,15.251,0.000,0.000,3.419,0.000,0.000,0.000,0.000,0.000,0.888,0.000,0.242,1.356,0.000,0.000,0.000,0.000,0.000,1.836,0.000,0.000,0.000,0.000,0.000,0.183,0.000,0.000,0.000,0.000,1.997,0.434,4.250,0.000,0.000,0.000,0.000,0.000,*
Rothamsted,9-2b,9,2.000,b,2012,N2+(N2)PKNaMg,N2,96,P,35,K,225,Mg,10,Na,15,0,0,b,3.600,0,0,0,0,0,0,0.000,0.000,0.051,0.000,0.000,3.151,1.545,1.534,40.451,0.000,0.145,0.000,0.000,0.000,0.000,0.036,0.020,0.000,0.000,8.588,0.000,0.000,0.000,1.107,0.000,0.000,0.000,0.000,1.765,11.144,0.000,3.660,0.000,0.000,0.200,0.000,0.000,0.000,0.000,0.000,10.398,0.000,1.503,1.745,0.000,0.000,0.000,0.000,0.000,2.244,0.000,0.000,0.000,0.000,0.000,0.630,0.000,0.000,0.000,0.000,1.599,0.142,8.342,0.000,0.000,0.000,0.000,0.000,*
Rothamsted,9-2c,9,2.000,c,2012,N2+(N2)PKNaMg,N2,96,P,35,K,225,Mg,10,Na,15,0,0,c,3.000,0,0,0,0,0,0,0.000,0.000,19.262,0.000,0.000,5.988,0.360,0.846,9.185,0.000,0.074,0.000,0.000,0.000,0.000,0.494,0.078,0.000,0.000,2.802,0.000,0.000,0.000,26.112,0.012,0.000,0.000,0.000,1.936,2.043,0.000,17.529,0.000,0.000,0.187,0.000,0.000,0.000,0.000,0.000,0.532,0.000,0.832,0.446,0.000,0.000,0.000,0.000,0.000,0.502,0.000,0.000,0.000,0.000,0.000,0.388,0.000,0.000,0.000,0.000,2.609,2.989,4.793,0.000,0.000,0.000,0.000,0.000,*
Rothamsted,9-2d,9,2.000,d,2012,N2+(N2)PKNaMg,N2,96,P,35,K,225,Mg,10,Na,15,0,0,d,0.000,0,0,0,0,0,0,0.000,0.000,0.703,0.000,0.000,0.000,68.182,0.000,0.000,0.000,0.000,0.000,0.000,0.000,0.000,0.000,0.000,0.000,0.000,0.000,0.000,0.000,0.000,0.000,0.000,0.000,0.000,0.000,0.000,31.116,0.000,0.000,0.000,0.000,0.000,0.000,0.000,0.000,0.000,0.000,0.000,0.000,0.000,0.000,0.000,0.000,0.000,0.000,0.000,0.000,0.000,0.000,0.000,0.000,0.000,0.000,0.000,0.000,0.000,0.000,0.000,0.000,0.000,0.000,0.000,0.000,0.000,0.000,*
Rothamsted,10b,10,*,b,2012,N2+PNaMg,N2,96,P,35,0,0,Mg,10,Na,15,0,0,b,5.000,0,0,0,0,0,0,0.000,0.000,4.349,0.000,0.000,0.000,7.376,0.000,1.577,0.000,0.029,0.000,0.000,0.000,0.000,0.346,0.000,0.000,0.000,0.000,0.000,0.000,0.000,30.504,0.000,0.000,0.000,0.066,0.000,15.600,0.000,0.000,0.000,0.000,0.027,4.240,0.000,0.000,0.000,0.000,30.039,0.000,0.982,0.231,0.000,0.000,0.000,0.000,0.000,1.801,0.000,0.000,0.000,0.000,0.000,0.856,0.000,0.000,0.000,0.000,1.976,0.000,0.000,0.000,0.000,0.000,0.000,0.000,*
Rothamsted,10d,10,*,d,2012,N2+PNaMg,N2,96,P,35,0,0,Mg,10,Na,15,0,0,d,0.000,0,0,0,0,0,0,0.000,0.000,0.761,0.000,0.000,0.000,98.739,0.000,0.000,0.000,0.000,0.000,0.000,0.000,0.000,0.000,0.000,0.000,0.000,0.000,0.000,0.000,0.000,0.000,0.000,0.000,0.000,0.000,0.000,0.500,0.000,0.000,0.000,0.000,0.000,0.000,0.000,0.000,0.000,0.000,0.000,0.000,0.000,0.000,0.000,0.000,0.000,0.000,0.000,0.000,0.000,0.000,0.000,0.000,0.000,0.000,0.000,0.000,0.000,0.000,0.000,0.000,0.000,0.000,0.000,0.000,0.000,0.000,*
Rothamsted,11-1b,11,1.000,b,2012,N3+PKNaMg,N3,144,P,35,K,225,Mg,10,Na,15,0,0,b,4.500,0,0,0,0,0,0,0.000,0.000,0.000,0.000,0.000,24.288,0.000,5.244,17.424,0.000,0.010,0.000,0.000,0.000,0.000,0.000,0.000,0.000,0.000,22.812,0.000,0.000,0.000,0.000,0.000,0.000,0.000,0.000,5.687,12.376,0.000,0.000,0.000,0.000,0.000,0.000,0.000,0.000,0.000,0.000,1.126,0.000,0.000,0.472,0.000,0.000,0.000,0.000,0.000,0.007,0.000,0.000,0.000,0.000,0.000,2.269,0.000,0.000,0.000,0.000,4.070,0.000,4.214,0.000,0.000,0.000,0.000,0.000,*
Rothamsted,11-1d,11,1.000,d,2012,N3+PKNaMg,N3,144,P,35,K,225,Mg,10,Na,15,0,0,d,0.000,0,0,0,0,0,0,0.000,0.000,0.000,0.000,0.000,0.000,0.000,0.000,0.000,0.000,0.000,0.000,0.000,0.000,0.000,0.000,0.000,0.000,0.000,0.000,0.000,0.000,0.000,0.000,0.000,0.000,0.000,0.000,0.000,100.000,0.000,0.000,0.000,0.000,0.000,0.000,0.000,0.000,0.000,0.000,0.000,0.000,0.000,0.000,0.000,0.000,0.000,0.000,0.000,0.000,0.000,0.000,0.000,0.000,0.000,0.000,0.000,0.000,0.000,0.000,0.000,0.000,0.000,0.000,0.000,0.000,0.000,0.000,*
Rothamsted,11-2b,11,2.000,b,2012,N3+PKNaMgSi,N3,144,P,35,K,225,Mg,10,Na,15,Si,135,b,5.000,0,0,0,0,0,0,0.000,0.000,0.000,0.000,0.000,22.223,0.000,4.135,38.723,0.000,0.027,0.000,0.000,0.000,0.566,0.010,0.000,0.000,0.000,20.298,0.000,0.000,0.000,0.000,0.000,0.000,0.000,0.000,2.486,7.707,0.000,0.000,0.000,0.000,0.000,0.000,0.000,0.000,0.000,0.000,0.106,0.000,0.000,0.932,0.000,0.000,0.000,0.000,0.000,0.517,0.000,0.000,0.000,0.000,0.000,1.912,0.000,0.000,0.000,0.000,0.357,0.000,0.000,0.000,0.000,0.000,0.000,0.000,*
Rothamsted,11-2d,11,2.000,d,2012,N3+PKNaMgSi,N3,144,P,35,K,225,Mg,10,Na,15,Si,135,d,0.000,0,0,0,0,0,0,0.000,0.000,11.871,0.000,0.000,0.000,0.000,0.000,0.037,0.000,0.000,0.000,0.000,0.000,0.000,0.000,0.000,0.000,0.000,0.000,0.000,0.000,0.000,0.000,0.000,0.000,0.000,0.000,0.000,88.092,0.000,0.000,0.000,0.000,0.000,0.000,0.000,0.000,0.000,0.000,0.000,0.000,0.000,0.000,0.000,0.000,0.000,0.000,0.000,0.000,0.000,0.000,0.000,0.000,0.000,0.000,0.000,0.000,0.000,0.000,0.000,0.000,0.000,0.000,0.000,0.000,0.000,0.000,*
Rothamsted,13-1b,13,1.000,b,2012,(FYM/FM),0,0,0,0,0,0,0,0,0,0,0,0,b,0.000,(FYM),0,(FM),0,0,0,3.736,0.000,11.411,0.000,1.891,1.129,4.394,0.097,13.363,0.000,0.000,0.000,0.000,0.000,0.274,0.067,0.204,0.000,0.000,5.326,0.000,0.000,0.000,6.720,0.000,0.000,0.000,0.809,0.231,10.857,0.000,15.438,0.000,5.771,0.000,0.000,0.003,0.000,0.000,0.114,2.840,0.000,1.263,0.364,0.000,0.000,0.000,0.000,0.000,4.675,0.000,0.000,0.000,0.000,0.000,0.932,0.000,0.000,0.545,0.000,0.575,0.000,5.443,0.000,0.000,1.527,0.000,0.000,2
Rothamsted,13-1d,13,1.000,d,2012,(FYM/FM),0,0,0,0,0,0,0,0,0,0,0,0,d,0.000,(FYM),0,(FM),0,0,0,6.060,0.000,26.051,0.000,0.260,0.000,2.330,0.000,0.000,0.000,0.105,0.000,0.000,0.000,0.030,1.015,0.016,0.000,0.000,0.398,0.000,0.000,0.000,12.314,0.000,0.000,0.000,0.036,0.000,2.153,8.387,3.411,0.000,3.651,0.000,0.177,0.437,0.000,0.000,0.000,4.985,0.000,0.473,0.030,0.000,0.000,0.000,0.000,0.000,3.401,0.000,0.036,0.000,0.000,0.000,0.141,0.000,0.000,0.322,0.145,0.151,0.085,22.679,0.720,0.000,0.000,0.000,0.000,2
Rothamsted,13-2b,13,2.000,b,2012,FYM/FM,0,0,0,0,0,0,0,0,0,0,0,0,b,0.000,FYM,0,0,0,0,0,0.000,0.000,2.595,0.161,0.721,4.889,0.851,0.871,27.824,0.000,0.648,0.000,0.000,0.000,0.000,0.110,0.688,0.000,0.000,12.954,0.000,1.417,0.000,0.952,0.023,0.000,0.000,0.011,6.693,14.039,0.000,12.261,0.000,0.214,0.000,0.000,0.000,0.000,0.000,0.000,4.720,0.000,0.011,1.595,0.000,0.000,0.000,0.000,0.000,2.781,0.000,0.000,0.000,0.000,0.000,0.417,0.000,0.000,1.105,1.105,0.203,0.000,0.141,0.000,0.000,0.000,0.000,0.000,2
Rothamsted,13-2d,13,2.000,d,2012,FYM/FM,0,0,0,0,0,0,0,0,0,0,0,0,d,0.000,FYM,0,0,0,0,0,6.956,0.000,19.819,0.000,0.025,0.189,8.535,0.000,7.250,0.000,0.038,0.000,0.000,0.000,0.126,0.349,0.420,0.000,0.000,1.153,0.000,0.000,0.000,4.171,0.055,0.000,0.000,0.038,0.000,8.590,0.000,0.000,0.113,7.618,0.000,0.000,0.000,0.000,0.000,0.000,5.849,0.000,0.596,0.739,0.000,0.000,0.000,0.000,0.000,3.353,0.000,0.000,0.000,0.000,0.000,1.170,0.000,0.000,4.182,0.000,0.497,0.146,18.023,0.000,0.000,0.000,0.000,0.000,2
Rothamsted,14-1a,14,1.000,a,2012,(N*2)PKNaMg,(N*2),0,P,35,K,225,Mg,10,Na,15,0,0,a,3.000,0,0,0,0,0,0,0.899,0.000,0.010,0.000,0.000,1.360,0.195,0.910,12.525,0.000,0.426,0.000,0.000,0.000,0.109,0.499,0.000,0.000,0.000,2.174,0.000,0.000,0.000,2.882,0.000,0.000,0.000,1.078,12.309,2.179,0.000,0.326,0.000,0.000,0.000,0.000,0.000,0.000,0.000,0.000,4.841,0.000,0.832,1.367,0.000,0.000,0.000,0.000,0.000,6.953,0.000,0.000,0.000,0.000,0.000,0.357,0.000,0.000,0.000,0.000,0.588,0.011,33.285,13.887,0.000,0.000,0.000,0.000,*
Rothamsted,14-1b,14,1.000,b,2012,(N*2)PKNaMg,(N*2),0,P,35,K,225,Mg,10,Na,15,0,0,b,0.000,0,0,0,0,0,0,0.314,0.000,0.000,0.000,0.000,1.376,1.328,1.098,8.183,0.000,0.197,0.000,0.000,0.000,0.681,0.357,0.000,0.000,0.000,4.604,0.000,0.000,0.000,2.971,0.000,0.000,0.000,0.060,9.394,4.256,0.000,25.644,0.000,0.000,0.000,0.000,0.000,0.000,0.000,0.002,6.047,0.000,0.681,0.362,0.000,0.000,0.000,0.000,0.000,3.906,0.000,0.000,0.000,0.000,0.000,0.774,0.000,0.000,0.000,0.000,1.093,0.484,23.491,0.854,0.000,0.000,1.841,0.000,*
Rothamsted,14-1c,14,1.000,c,2012,(N*2)PKNaMg,(N*2),0,P,35,K,225,Mg,10,Na,15,0,0,c,0.000,0,0,0,0,0,0,0.000,0.000,8.608,0.000,0.000,3.047,2.295,1.481,5.795,0.000,0.407,0.000,0.000,0.000,0.025,0.078,0.171,0.000,0.000,6.252,0.000,0.000,0.000,5.506,0.000,0.000,0.000,0.023,4.208,3.954,0.000,12.992,0.000,4.960,0.259,0.244,0.000,0.000,0.000,0.003,12.404,0.000,0.362,0.701,0.000,0.000,0.000,0.000,0.000,3.180,0.000,0.000,0.000,0.000,0.000,1.302,0.000,0.000,0.000,0.000,0.704,0.817,15.152,5.071,0.000,0.000,0.000,0.000,*
Rothamsted,14-1d,14,1.000,d,2012,(N*2)PKNaMg,(N*2),0,P,35,K,225,Mg,10,Na,15,0,0,d,0.000,0,0,0,0,0,0,1.199,0.000,8.272,0.000,0.000,2.495,4.517,0.162,8.560,0.000,0.387,0.000,0.000,0.000,0.000,0.038,0.000,0.000,0.000,5.245,0.000,0.000,0.000,0.266,0.000,0.000,0.000,0.000,0.535,9.702,0.000,11.044,0.000,0.000,3.966,0.000,0.014,0.000,0.000,0.000,13.481,0.000,0.708,3.455,0.000,0.000,0.000,0.000,0.000,2.275,0.000,0.000,0.000,0.000,0.000,2.058,0.000,0.000,0.000,0.000,0.085,0.000,17.309,4.226,0.000,0.000,0.000,0.000,*
Rothamsted,14-2a,14,2.000,a,2012,N*2+PKNaMg,N*2,96,P,35,K,225,Mg,10,Na,15,0,0,a,2.250,0,0,0,0,0,0,0.000,0.000,0.000,0.000,0.000,0.763,0.087,6.664,37.086,0.000,0.120,0.000,0.000,0.000,0.000,0.000,0.000,0.000,0.000,2.347,0.000,0.000,0.000,2.267,0.000,0.000,0.000,0.000,21.738,12.455,0.000,0.573,0.000,0.000,1.078,0.000,0.000,0.000,0.000,0.000,1.234,0.000,0.558,1.580,0.000,0.000,0.000,0.000,0.000,2.261,0.000,0.000,0.000,0.000,0.000,0.254,0.000,0.000,0.000,0.000,5.018,0.015,3.871,0.028,0.000,0.000,0.000,0.000,*
Rothamsted,14-2b,14,2.000,b,2012,N*2+PKNaMg,N*2,96,P,35,K,225,Mg,10,Na,15,0,0,b,0.000,0,0,0,0,0,0,0.000,0.000,0.000,0.000,0.000,14.939,0.000,4.860,23.866,0.000,0.378,0.000,0.000,0.000,0.000,0.019,0.000,0.000,0.000,3.853,0.000,0.000,0.482,1.948,0.000,0.000,0.000,0.000,13.034,8.702,0.000,0.011,0.000,0.000,0.380,0.000,0.000,0.000,0.000,0.030,6.114,0.000,0.104,1.283,0.000,0.000,0.000,0.000,0.000,12.851,0.000,0.000,0.000,0.000,0.000,0.660,0.000,0.000,0.000,0.000,2.009,0.000,4.477,0.000,0.000,0.000,0.000,0.000,*
Rothamsted,14-2c,14,2.000,c,2012,N*2+PKNaMg,N*2,96,P,35,K,225,Mg,10,Na,15,0,0,c,0.000,0,0,0,0,0,0,0.000,0.000,0.652,0.000,0.000,16.763,0.063,1.513,29.699,0.000,0.032,0.000,0.000,0.000,0.680,0.023,0.000,0.000,0.000,0.657,0.000,0.000,0.000,1.910,0.000,0.000,0.000,0.000,8.238,6.080,0.000,1.804,0.000,0.000,0.000,0.000,0.000,0.000,0.000,0.023,11.134,0.000,1.921,0.262,0.000,0.000,0.000,0.000,0.000,4.998,0.000,0.000,0.000,0.000,0.000,0.275,0.000,0.000,0.000,0.000,3.274,0.000,8.303,1.698,0.000,0.000,0.000,0.000,*
Rothamsted,14-2d,14,2.000,d,2012,N*2+PKNaMg,N*2,96,P,35,K,225,Mg,10,Na,15,0,0,d,0.000,0,0,0,0,0,0,0.000,0.000,0.919,0.000,0.000,15.224,0.000,11.793,20.016,0.000,0.151,0.000,0.000,0.000,0.000,0.134,0.000,0.000,0.000,2.457,0.000,0.000,0.000,0.399,0.000,0.000,0.000,0.000,11.219,10.186,0.000,0.000,0.000,0.000,2.010,0.000,0.000,0.000,0.000,0.022,4.926,0.000,0.143,1.827,0.000,0.000,0.000,0.000,0.000,9.676,0.000,0.000,0.000,0.000,0.000,1.259,0.000,0.000,0.000,0.000,6.974,0.000,0.668,0.000,0.000,0.000,0.000,0.000,*
Rothamsted,17b,17,*,b,2012,N*1,N*1,48,0,0,0,0,0,0,0,0,0,0,b,0.000,0,0,0,0,0,0,3.428,0.000,1.088,0.000,0.196,0.000,0.562,0.000,0.000,28.852,0.000,0.000,3.700,0.000,6.312,0.103,0.397,0.000,0.000,4.707,0.000,0.000,0.000,3.914,0.000,0.000,0.000,2.928,0.022,2.639,0.000,0.000,0.000,34.023,0.241,0.000,0.325,0.000,0.000,1.047,2.661,0.000,0.000,0.000,0.000,0.000,0.000,0.000,0.000,1.765,0.000,0.000,0.000,0.000,0.000,0.000,0.000,0.000,0.000,0.000,0.209,0.000,0.883,0.000,0.000,0.000,0.000,0.000,*
Rothamsted,17d,17,*,d,2012,N*1,N*1,48,0,0,0,0,0,0,0,0,0,0,d,0.000,0,0,0,0,0,0,0.834,0.000,6.794,0.000,0.177,1.339,2.488,0.000,0.643,9.681,0.058,0.000,2.191,0.000,7.911,0.266,0.328,0.000,0.000,1.703,0.000,0.000,0.000,8.226,0.000,0.124,0.000,2.812,0.137,2.798,0.000,0.000,0.000,29.042,2.155,0.000,0.368,0.044,0.000,0.049,13.073,0.000,0.000,0.084,1.761,0.000,0.000,0.000,0.000,3.308,0.000,0.000,0.000,0.000,0.000,1.042,0.000,0.000,0.000,0.000,0.430,0.000,0.133,0.000,0.000,0.000,0.000,0.000,*
