description,years,treatment_factor,treatment_factor_rdfType,factor_level_name,frequency,total_amount,total_amount_unit,treatment_form,treatment_form_rdfType
Factor level shows no lime applied.  Soil pH approximately 4.5. See https://doi.org/10.23637/wcs10-Treatments-01,1962-1996,pH exposure,http://purl.obolibrary.org/obo/PECO_0007171,0,none,0.0,t CaCO3 ha-1 ,Ground limestone/chalk,http://aims.fao.org/aos/agrovoc/c_4342
"Factor level showns low rate of lime applied. Applied four times,  March 1962-November 1986. Soil pH approximately 5.5. See https://doi.org/10.23637/wcs10-Treatments-01",1962-1996,pH exposure,http://purl.obolibrary.org/obo/PECO_0007171,L,irregular,9.0,t CaCO3 ha-1 ,Ground limestone/chalk,http://aims.fao.org/aos/agrovoc/c_4342
"Factor level shows medium rate of lime applied. Applied six times, March 1962-November 1986. Soil pH approximately 6.5. See https://doi.org/10.23637/wcs10-Treatments-01",1962-1996,pH exposure,http://purl.obolibrary.org/obo/PECO_0007171,M,irregular,25.5,t CaCO3 ha-1 ,Ground limestone/chalk,http://aims.fao.org/aos/agrovoc/c_4342
"Factor level shows high rate of lime applied. Applied six times, March 1962-November 1986. Soil pH approximately 7.5. See https://doi.org/10.23637/wcs10-Treatments-01",1962-1996,pH exposure,http://purl.obolibrary.org/obo/PECO_0007171,H,irregular,45.5,t CaCO3 ha-1 ,Ground limestone/chalk,http://aims.fao.org/aos/agrovoc/c_4342
No treatment factor used,,,,-,,,,,
